vehicle_id,vehicle_type,enter_time_s,departure_time_s,travel_time_s,route_distance_m,distance_traveled_m,accumulated_waiting_time_s,custom_wait_s,moving_time_s,time_loss_s,free_flow_time_s,delay_s,waiting_fraction,moving_fraction,schedule_efficiency,completed_trip,trip_status
15,pkw,74.0,159.0,85.0,,879.636,0.0,0.0,85.0,4.074,,,0.0,1.0,,True,completed
17,pkw,82.0,208.0,126.0,,1144.07,0.0,0.0,126.0,7.192,,,0.0,1.0,,True,completed
47,pkw,192.0,247.0,55.0,,569.307,0.0,0.0,55.0,2.762,,,0.0,1.0,,True,completed
31,pkw,144.0,267.0,123.0,,1164.668,8.0,8.0,115.0,7.625,,,0.065,0.935,,True,completed
45,pkw,191.0,274.0,83.0,,825.35,0.0,0.0,83.0,5.484,,,0.0,1.0,,True,completed
36,pkw,165.0,277.0,112.0,,1177.745,0.0,0.0,112.0,5.002,,,0.0,1.0,,True,completed
24,pkw,106.0,279.0,173.0,,1730.601,0.0,0.0,173.0,9.727,,,0.0,1.0,,True,completed
30,pkw,144.0,313.0,169.0,,1438.684,4.0,10.0,159.0,22.434,,,0.0592,0.9408,,True,completed
49,pkw,202.0,341.0,139.0,,1438.115,0.0,0.0,139.0,7.855,,,0.0,1.0,,True,completed
84,pkw,349.0,416.0,67.0,,540.756,6.0,6.0,61.0,9.74,,,0.0896,0.9104,,True,completed
71,pkw,312.0,423.0,111.0,,1136.511,0.0,0.0,111.0,6.815,,,0.0,1.0,,True,completed
76,pkw,321.0,431.0,110.0,,1143.781,0.0,0.0,110.0,5.278,,,0.0,1.0,,True,completed
54,pkw,240.0,445.0,205.0,,1979.09,0.0,10.0,195.0,24.112,,,0.0488,0.9512,,True,completed
3,pkw,11.0,446.0,435.0,,1112.159,6.0,306.0,129.0,312.877,,,0.7034,0.2966,,True,completed
91,pkw,374.0,458.0,84.0,,883.266,0.0,0.0,84.0,3.505,,,0.0,1.0,,True,completed
95,pkw,385.0,480.0,95.0,,858.362,0.0,0.0,95.0,5.627,,,0.0,1.0,,True,completed
14,pkw,70.0,483.0,413.0,,837.057,73.0,316.0,97.0,313.537,,,0.7651,0.2349,,True,completed
8,pkw,34.0,495.0,461.0,,1439.222,0.0,300.0,161.0,312.598,,,0.6508,0.3492,,True,completed
94,pkw,382.0,500.0,118.0,,1148.052,0.0,0.0,118.0,6.733,,,0.0,1.0,,True,completed
13,pkw,65.0,503.0,438.0,,1426.776,0.0,300.0,138.0,308.816,,,0.6849,0.3151,,True,completed
27,pkw,123.0,513.0,390.0,,820.431,42.0,300.0,90.0,307.686,,,0.7692,0.2308,,True,completed
93,pkw,380.0,526.0,146.0,,1435.115,0.0,0.0,146.0,9.93,,,0.0,1.0,,True,completed
103,pkw,414.0,532.0,118.0,,1124.598,0.0,0.0,118.0,7.585,,,0.0,1.0,,True,completed
38,pkw,171.0,581.0,410.0,,1133.854,75.0,300.0,110.0,307.463,,,0.7317,0.2683,,True,completed
105,pkw,417.0,582.0,165.0,,1713.756,0.0,0.0,165.0,8.634,,,0.0,1.0,,True,completed
113,pkw,444.0,583.0,139.0,,1441.706,0.0,0.0,139.0,7.197,,,0.0,1.0,,True,completed
102,pkw,406.0,588.0,182.0,,1736.805,0.0,0.0,182.0,10.576,,,0.0,1.0,,True,completed
44,pkw,188.0,600.0,412.0,,1137.288,75.0,300.0,112.0,308.84,,,0.7282,0.2718,,True,completed
144,pkw,540.0,623.0,83.0,,872.338,0.0,0.0,83.0,3.489,,,0.0,1.0,,True,completed
12,pkw,65.0,627.0,562.0,,1970.092,0.0,319.0,243.0,341.635,,,0.5676,0.4324,,True,completed
140,pkw,523.0,634.0,111.0,,1140.634,0.0,0.0,111.0,6.682,,,0.0,1.0,,True,completed
160,pkw,587.0,651.0,64.0,,541.701,0.0,0.0,64.0,4.192,,,0.0,1.0,,True,completed
28,pkw,129.0,654.0,525.0,,836.528,68.0,436.0,89.0,449.11,,,0.8305,0.1695,,True,completed
139,pkw,518.0,657.0,139.0,,1438.184,0.0,0.0,139.0,7.915,,,0.0,1.0,,True,completed
145,pkw,540.0,680.0,140.0,,1431.927,0.0,0.0,140.0,9.359,,,0.0,1.0,,True,completed
157,pkw,573.0,683.0,110.0,,1146.673,0.0,0.0,110.0,5.451,,,0.0,1.0,,True,completed
156,pkw,569.0,692.0,123.0,,1146.747,0.0,0.0,123.0,7.842,,,0.0,1.0,,True,completed
195,pkw,639.0,692.0,53.0,,540.471,0.0,0.0,53.0,3.048,,,0.0,1.0,,True,completed
188,pkw,634.0,716.0,82.0,,842.129,0.0,0.0,82.0,4.669,,,0.0,1.0,,True,completed
171,pkw,609.0,721.0,112.0,,863.998,0.0,0.0,112.0,7.171,,,0.0,1.0,,True,completed
20,pkw,98.0,722.0,624.0,,1110.602,20.0,510.0,114.0,522.933,,,0.8173,0.1827,,True,completed
127,pkw,481.0,730.0,249.0,,2032.255,0.0,0.0,249.0,16.962,,,0.0,1.0,,True,completed
65,pkw,302.0,741.0,439.0,,1433.778,75.0,300.0,139.0,309.223,,,0.6834,0.3166,,True,completed
26,pkw,117.0,746.0,629.0,,830.16,44.0,537.0,92.0,548.649,,,0.8537,0.1463,,True,completed
209,pkw,665.0,750.0,85.0,,823.649,0.0,0.0,85.0,9.183,,,0.0,1.0,,True,completed
197,pkw,643.0,754.0,111.0,,1154.056,0.0,0.0,111.0,5.751,,,0.0,1.0,,True,completed
74,pkw,320.0,766.0,446.0,,1436.703,74.0,300.0,146.0,310.149,,,0.6726,0.3274,,True,completed
168,pkw,605.0,768.0,163.0,,1447.203,0.0,0.0,163.0,9.865,,,0.0,1.0,,True,completed
164,pkw,602.0,769.0,167.0,,1730.79,0.0,0.0,167.0,9.341,,,0.0,1.0,,True,completed
73,pkw,319.0,772.0,453.0,,1386.032,46.0,306.0,147.0,316.964,,,0.6755,0.3245,,True,completed
2,pkw,9.0,776.0,767.0,,1670.835,20.0,600.0,167.0,615.947,,,0.7823,0.2177,,True,completed
193,pkw,638.0,777.0,139.0,,1414.461,0.0,0.0,139.0,9.302,,,0.0,1.0,,True,completed
231,pkw,710.0,793.0,83.0,,853.061,0.0,0.0,83.0,4.858,,,0.0,1.0,,True,completed
16,pkw,75.0,794.0,719.0,,1418.475,0.0,576.0,143.0,590.208,,,0.8011,0.1989,,True,completed
53,pkw,240.0,803.0,563.0,,1689.553,5.0,386.0,177.0,408.711,,,0.6856,0.3144,,True,completed
210,pkw,667.0,805.0,138.0,,1412.05,0.0,0.0,138.0,8.714,,,0.0,1.0,,True,completed
5,pkw,20.0,807.0,787.0,,1724.934,45.0,610.0,177.0,621.573,,,0.7751,0.2249,,True,completed
88,pkw,365.0,822.0,457.0,,1460.196,69.0,307.0,150.0,323.992,,,0.6718,0.3282,,True,completed
183,pkw,627.0,823.0,196.0,,2013.695,0.0,0.0,196.0,12.123,,,0.0,1.0,,True,completed
216,pkw,682.0,825.0,143.0,,1469.617,0.0,0.0,143.0,6.895,,,0.0,1.0,,True,completed
39,pkw,175.0,827.0,652.0,,1137.356,65.0,519.0,133.0,539.371,,,0.796,0.204,,True,completed
146,pkw,540.0,829.0,289.0,,1159.095,65.0,164.0,125.0,183.179,,,0.5675,0.4325,,True,completed
117,pkw,453.0,833.0,380.0,,829.575,50.0,300.0,80.0,306.572,,,0.7895,0.2105,,True,completed
123,pkw,473.0,835.0,362.0,,1136.186,58.0,207.0,155.0,228.167,,,0.5718,0.4282,,True,completed
70,pkw,309.0,841.0,532.0,,1113.319,19.0,419.0,113.0,430.987,,,0.7876,0.2124,,True,completed
34,pkw,153.0,843.0,690.0,,1461.331,68.0,541.0,149.0,557.027,,,0.7841,0.2159,,True,completed
212,pkw,674.0,844.0,170.0,,1775.485,0.0,0.0,170.0,8.193,,,0.0,1.0,,True,completed
199,pkw,649.0,854.0,205.0,,2049.829,4.0,4.0,201.0,18.402,,,0.0195,0.9805,,True,completed
7,pkw,21.0,866.0,845.0,,1409.889,75.0,701.0,144.0,717.869,,,0.8296,0.1704,,True,completed
9,pkw,43.0,874.0,831.0,,1972.078,0.0,600.0,231.0,619.933,,,0.722,0.278,,True,completed
29,pkw,142.0,880.0,738.0,,1381.027,20.0,600.0,138.0,613.092,,,0.813,0.187,,True,completed
296,pkw,819.0,900.0,81.0,,823.85,0.0,0.0,81.0,5.202,,,0.0,1.0,,True,completed
130,pkw,488.0,906.0,418.0,,1138.711,75.0,302.0,116.0,314.857,,,0.7225,0.2775,,True,completed
282,pkw,796.0,918.0,122.0,,1174.777,0.0,0.0,122.0,6.214,,,0.0,1.0,,True,completed
258,pkw,753.0,931.0,178.0,,1744.086,4.0,4.0,174.0,18.136,,,0.0225,0.9775,,True,completed
316,pkw,851.0,938.0,87.0,,866.483,0.0,0.0,87.0,7.886,,,0.0,1.0,,True,completed
252,pkw,744.0,950.0,206.0,,2038.425,0.0,0.0,206.0,11.792,,,0.0,1.0,,True,completed
240,pkw,729.0,954.0,225.0,,2067.667,0.0,0.0,225.0,12.062,,,0.0,1.0,,True,completed
97,pkw,396.0,959.0,563.0,,1406.18,48.0,416.0,147.0,434.658,,,0.7389,0.2611,,True,completed
310,pkw,845.0,971.0,126.0,,1152.409,0.0,0.0,126.0,7.997,,,0.0,1.0,,True,completed
332,pkw,884.0,973.0,89.0,,844.128,0.0,0.0,89.0,4.732,,,0.0,1.0,,True,completed
334,pkw,886.0,976.0,90.0,,865.293,0.0,0.0,90.0,5.009,,,0.0,1.0,,True,completed
305,pkw,840.0,979.0,139.0,,1435.959,0.0,0.0,139.0,8.083,,,0.0,1.0,,True,completed
288,pkw,809.0,982.0,173.0,,1427.973,0.0,0.0,173.0,12.724,,,0.0,1.0,,True,completed
60,pkw,273.0,984.0,711.0,,1123.923,67.0,584.0,127.0,602.47,,,0.8214,0.1786,,True,completed
343,pkw,901.0,985.0,84.0,,864.733,0.0,0.0,84.0,4.873,,,0.0,1.0,,True,completed
192,pkw,636.0,991.0,355.0,,546.675,74.0,300.0,55.0,305.339,,,0.8451,0.1549,,True,completed
219,pkw,687.0,994.0,307.0,,1425.241,0.0,153.0,154.0,169.404,,,0.4984,0.5016,,True,completed
248,pkw,738.0,995.0,257.0,,1424.069,0.0,107.0,150.0,126.82,,,0.4163,0.5837,,True,completed
154,pkw,562.0,1001.0,439.0,,1410.129,20.0,300.0,139.0,310.921,,,0.6834,0.3166,,True,completed
327,pkw,869.0,1009.0,140.0,,1467.375,0.0,0.0,140.0,6.542,,,0.0,1.0,,True,completed
225,pkw,698.0,1014.0,316.0,,1446.363,39.0,166.0,150.0,183.778,,,0.5253,0.4747,,True,completed
109,pkw,433.0,1015.0,582.0,,1119.918,66.0,459.0,123.0,475.354,,,0.7887,0.2113,,True,completed
72,pkw,318.0,1015.0,697.0,,551.807,75.0,634.0,63.0,646.877,,,0.9096,0.0904,,True,completed
311,pkw,845.0,1016.0,171.0,,1725.035,0.0,0.0,171.0,11.329,,,0.0,1.0,,True,completed
61,pkw,277.0,1020.0,743.0,,1723.392,32.0,542.0,201.0,564.498,,,0.7295,0.2705,,True,completed
251,pkw,744.0,1021.0,277.0,,859.962,30.0,172.0,105.0,183.585,,,0.6209,0.3791,,True,completed
295,pkw,818.0,1025.0,207.0,,862.638,28.0,107.0,100.0,128.053,,,0.5169,0.4831,,True,completed
321,pkw,861.0,1026.0,165.0,,1707.586,0.0,0.0,165.0,9.328,,,0.0,1.0,,True,completed
98,pkw,398.0,1027.0,629.0,,1109.585,20.0,514.0,115.0,528.015,,,0.8172,0.1828,,True,completed
365,pkw,920.0,1030.0,110.0,,1129.252,0.0,0.0,110.0,6.08,,,0.0,1.0,,True,completed
366,pkw,920.0,1034.0,114.0,,1174.048,0.0,0.0,114.0,5.047,,,0.0,1.0,,True,completed
339,pkw,894.0,1038.0,144.0,,1412.682,0.0,0.0,144.0,10.331,,,0.0,1.0,,True,completed
6,pkw,20.0,1038.0,1018.0,,1999.747,13.0,807.0,211.0,836.561,,,0.7927,0.2073,,True,completed
64,pkw,301.0,1041.0,740.0,,1703.997,11.0,560.0,180.0,584.755,,,0.7568,0.2432,,True,completed
336,pkw,890.0,1043.0,153.0,,1432.244,0.0,0.0,153.0,9.608,,,0.0,1.0,,True,completed
68,pkw,305.0,1044.0,739.0,,1137.972,68.0,618.0,121.0,635.741,,,0.8363,0.1637,,True,completed
272,pkw,781.0,1045.0,264.0,,1180.825,57.0,139.0,125.0,156.725,,,0.5265,0.4735,,True,completed
267,pkw,775.0,1048.0,273.0,,1475.013,66.0,122.0,151.0,139.247,,,0.4469,0.5531,,True,completed
120,pkw,466.0,1052.0,586.0,,1134.177,69.0,469.0,117.0,482.281,,,0.8003,0.1997,,True,completed
148,pkw,543.0,1052.0,509.0,,1732.357,1.0,308.0,201.0,333.148,,,0.6051,0.3949,,True,completed
33,pkw,152.0,1052.0,900.0,,1137.297,69.0,777.0,123.0,796.682,,,0.8633,0.1367,,True,completed
370,pkw,927.0,1052.0,125.0,,1163.83,9.0,9.0,116.0,19.0,,,0.072,0.928,,True,completed
78,pkw,334.0,1056.0,722.0,,1138.155,67.0,601.0,121.0,618.616,,,0.8324,0.1676,,True,completed
169,pkw,605.0,1058.0,453.0,,1143.313,26.0,326.0,127.0,339.688,,,0.7196,0.2804,,True,completed
42,pkw,183.0,1059.0,876.0,,1701.716,1.0,681.0,195.0,710.476,,,0.7774,0.2226,,True,completed
349,pkw,905.0,1061.0,156.0,,1475.75,10.0,10.0,146.0,22.167,,,0.0641,0.9359,,True,completed
217,pkw,684.0,1062.0,378.0,,1172.633,69.0,260.0,118.0,270.04,,,0.6878,0.3122,,True,completed
179,pkw,620.0,1064.0,444.0,,1463.905,60.0,265.0,179.0,284.249,,,0.5968,0.4032,,True,completed
229,pkw,703.0,1064.0,361.0,,1172.034,68.0,245.0,116.0,254.416,,,0.6787,0.3213,,True,completed
189,pkw,634.0,1065.0,431.0,,1475.632,59.0,244.0,187.0,263.887,,,0.5661,0.4339,,True,completed
10,pkw,54.0,1066.0,1012.0,,1098.021,75.0,900.0,112.0,913.797,,,0.8893,0.1107,,True,completed
290,pkw,811.0,1066.0,255.0,,1427.784,67.0,112.0,143.0,124.865,,,0.4392,0.5608,,True,completed
369,pkw,924.0,1066.0,142.0,,1433.347,0.0,0.0,142.0,10.614,,,0.0,1.0,,True,completed
214,pkw,675.0,1067.0,392.0,,1166.145,65.0,260.0,132.0,275.419,,,0.6633,0.3367,,True,completed
56,pkw,250.0,1067.0,817.0,,1141.139,66.0,688.0,129.0,713.837,,,0.8421,0.1579,,True,completed
143,pkw,540.0,1068.0,528.0,,1119.527,39.0,407.0,121.0,426.642,,,0.7708,0.2292,,True,completed
379,pkw,938.0,1068.0,130.0,,1160.893,0.0,0.0,130.0,10.873,,,0.0,1.0,,True,completed
122,pkw,471.0,1069.0,598.0,,815.638,48.0,512.0,86.0,523.803,,,0.8562,0.1438,,True,completed
412,pkw,991.0,1072.0,81.0,,823.302,0.0,0.0,81.0,5.173,,,0.0,1.0,,True,completed
417,pkw,996.0,1081.0,85.0,,867.429,0.0,0.0,85.0,5.702,,,0.0,1.0,,True,completed
125,pkw,475.0,1082.0,607.0,,1413.837,40.0,459.0,148.0,477.154,,,0.7562,0.2438,,True,completed
0,pkw,5.0,1084.0,1079.0,,1658.691,13.0,901.0,178.0,921.307,,,0.835,0.165,,True,completed
263,pkw,769.0,1084.0,315.0,,1161.546,39.0,189.0,126.0,208.838,,,0.6,0.4,,True,completed
345,pkw,902.0,1086.0,184.0,,1728.711,0.0,0.0,184.0,10.878,,,0.0,1.0,,True,completed
90,pkw,370.0,1091.0,721.0,,839.84,75.0,632.0,89.0,644.489,,,0.8766,0.1234,,True,completed
82,pkw,341.0,1093.0,752.0,,1126.662,11.0,622.0,130.0,641.388,,,0.8271,0.1729,,True,completed
37,pkw,169.0,1095.0,926.0,,1417.505,12.0,766.0,160.0,796.978,,,0.8272,0.1728,,True,completed
4,pkw,12.0,1095.0,1083.0,,1692.96,72.0,900.0,183.0,909.463,,,0.831,0.169,,True,completed
416,pkw,993.0,1095.0,102.0,,870.06,6.0,6.0,96.0,15.22,,,0.0588,0.9412,,True,completed
191,pkw,636.0,1098.0,462.0,,1732.042,13.0,274.0,188.0,303.801,,,0.5931,0.4069,,True,completed
112,pkw,440.0,1110.0,670.0,,1680.699,0.0,474.0,196.0,494.508,,,0.7075,0.2925,,True,completed
227,pkw,700.0,1110.0,410.0,,1102.29,75.0,300.0,110.0,309.476,,,0.7317,0.2683,,True,completed
281,pkw,795.0,1110.0,315.0,,1703.025,3.0,128.0,187.0,145.137,,,0.4063,0.5937,,True,completed
55,pkw,241.0,1110.0,869.0,,2003.354,12.0,660.0,209.0,687.099,,,0.7595,0.2405,,True,completed
283,pkw,798.0,1111.0,313.0,,1167.761,11.0,191.0,122.0,206.9,,,0.6102,0.3898,,True,completed
396,pkw,964.0,1111.0,147.0,,1411.124,0.0,0.0,147.0,9.332,,,0.0,1.0,,True,completed
389,pkw,951.0,1112.0,161.0,,1167.795,37.0,37.0,124.0,53.58,,,0.2298,0.7702,,True,completed
208,pkw,665.0,1118.0,453.0,,1726.896,13.0,275.0,178.0,295.333,,,0.6071,0.3929,,True,completed
276,pkw,784.0,1118.0,334.0,,1460.842,6.0,178.0,156.0,200.549,,,0.5329,0.4671,,True,completed
147,pkw,541.0,1121.0,580.0,,2030.817,2.0,350.0,230.0,376.113,,,0.6034,0.3966,,True,completed
381,pkw,939.0,1124.0,185.0,,1709.196,2.0,2.0,183.0,17.799,,,0.0108,0.9892,,True,completed
69,pkw,309.0,1124.0,815.0,,1690.011,18.0,632.0,183.0,661.503,,,0.7755,0.2245,,True,completed
280,pkw,792.0,1126.0,334.0,,1459.685,30.0,171.0,163.0,188.833,,,0.512,0.488,,True,completed
320,pkw,858.0,1128.0,270.0,,1418.943,0.0,92.0,178.0,108.14,,,0.3407,0.6593,,True,completed
124,pkw,473.0,1131.0,658.0,,1428.058,31.0,498.0,160.0,527.948,,,0.7568,0.2432,,True,completed
402,pkw,973.0,1134.0,161.0,,859.892,27.0,64.0,97.0,81.962,,,0.3975,0.6025,,True,completed
422,pkw,1002.0,1136.0,134.0,,1158.161,14.0,14.0,120.0,27.485,,,0.1045,0.8955,,True,completed
481,pkw,1082.0,1137.0,55.0,,542.614,0.0,0.0,55.0,3.96,,,0.0,1.0,,True,completed
301,pkw,830.0,1143.0,313.0,,867.406,97.0,219.0,94.0,233.933,,,0.6997,0.3003,,True,completed
475,pkw,1080.0,1170.0,90.0,,824.309,0.0,0.0,90.0,6.847,,,0.0,1.0,,True,completed
155,pkw,568.0,1174.0,606.0,,1183.458,67.0,480.0,126.0,498.232,,,0.7921,0.2079,,True,completed
471,pkw,1072.0,1181.0,109.0,,1123.908,0.0,0.0,109.0,6.112,,,0.0,1.0,,True,completed
492,pkw,1098.0,1190.0,92.0,,864.278,0.0,0.0,92.0,5.059,,,0.0,1.0,,True,completed
520,pkw,1133.0,1193.0,60.0,,574.49,0.0,0.0,60.0,7.295,,,0.0,1.0,,True,completed
269,pkw,780.0,1198.0,418.0,,567.327,55.0,339.0,79.0,359.624,,,0.811,0.189,,True,completed
419,pkw,1000.0,1198.0,198.0,,1705.999,0.0,27.0,171.0,41.962,,,0.1364,0.8636,,True,completed
116,pkw,453.0,1203.0,750.0,,1390.334,4.0,596.0,154.0,615.088,,,0.7947,0.2053,,True,completed
450,pkw,1044.0,1203.0,159.0,,857.116,38.0,66.0,93.0,75.216,,,0.4151,0.5849,,True,completed
487,pkw,1091.0,1203.0,112.0,,1177.609,0.0,0.0,112.0,5.014,,,0.0,1.0,,True,completed
110,pkw,436.0,1205.0,769.0,,1111.776,48.0,647.0,122.0,668.079,,,0.8414,0.1586,,True,completed
425,pkw,1008.0,1209.0,201.0,,1694.81,0.0,0.0,201.0,13.504,,,0.0,1.0,,True,completed
21,pkw,100.0,1210.0,1110.0,,1415.393,32.0,935.0,175.0,962.772,,,0.8423,0.1577,,True,completed
309,pkw,844.0,1212.0,368.0,,847.061,69.0,275.0,93.0,290.579,,,0.7473,0.2527,,True,completed
384,pkw,941.0,1212.0,271.0,,1437.392,69.0,112.0,159.0,139.754,,,0.4133,0.5867,,True,completed
18,pkw,84.0,1215.0,1131.0,,1439.992,67.0,961.0,170.0,1000.44,,,0.8497,0.1503,,True,completed
19,pkw,85.0,1218.0,1133.0,,1686.996,20.0,957.0,176.0,980.752,,,0.8447,0.1553,,True,completed
275,pkw,782.0,1222.0,440.0,,1384.287,18.0,300.0,140.0,311.61,,,0.6818,0.3182,,True,completed
513,pkw,1118.0,1227.0,109.0,,863.605,0.0,0.0,109.0,7.192,,,0.0,1.0,,True,completed
207,pkw,665.0,1228.0,563.0,,1131.255,42.0,418.0,145.0,459.08,,,0.7425,0.2575,,True,completed
532,pkw,1143.0,1230.0,87.0,,859.258,0.0,0.0,87.0,5.601,,,0.0,1.0,,True,completed
135,pkw,498.0,1232.0,734.0,,1138.96,29.0,587.0,147.0,598.797,,,0.7997,0.2003,,True,completed
40,pkw,181.0,1237.0,1056.0,,1441.303,21.0,874.0,182.0,903.932,,,0.8277,0.1723,,True,completed
232,pkw,710.0,1242.0,532.0,,2333.832,14.0,300.0,232.0,317.979,,,0.5639,0.4361,,True,completed
540,pkw,1148.0,1242.0,94.0,,843.558,8.0,8.0,86.0,16.552,,,0.0851,0.9149,,True,completed
99,pkw,400.0,1245.0,845.0,,1422.071,8.0,635.0,210.0,669.411,,,0.7515,0.2485,,True,completed
380,pkw,938.0,1251.0,313.0,,1431.886,33.0,150.0,163.0,171.337,,,0.4792,0.5208,,True,completed
326,pkw,866.0,1253.0,387.0,,866.628,20.0,273.0,114.0,304.643,,,0.7054,0.2946,,True,completed
503,pkw,1109.0,1261.0,152.0,,1422.312,0.0,0.0,152.0,9.848,,,0.0,1.0,,True,completed
558,pkw,1175.0,1263.0,88.0,,850.099,0.0,0.0,88.0,7.889,,,0.0,1.0,,True,completed
151,pkw,547.0,1266.0,719.0,,1407.722,47.0,572.0,147.0,590.04,,,0.7955,0.2045,,True,completed
583,pkw,1215.0,1269.0,54.0,,547.207,0.0,0.0,54.0,3.383,,,0.0,1.0,,True,completed
161,pkw,594.0,1270.0,676.0,,1454.279,0.0,510.0,166.0,536.023,,,0.7544,0.2456,,True,completed
491,pkw,1096.0,1270.0,174.0,,1757.992,0.0,0.0,174.0,9.615,,,0.0,1.0,,True,completed
344,pkw,902.0,1279.0,377.0,,1732.018,3.0,180.0,197.0,203.252,,,0.4775,0.5225,,True,completed
118,pkw,458.0,1280.0,822.0,,547.787,71.0,751.0,71.0,763.904,,,0.9136,0.0864,,True,completed
533,pkw,1144.0,1283.0,139.0,,1419.231,0.0,0.0,139.0,9.096,,,0.0,1.0,,True,completed
556,pkw,1173.0,1284.0,111.0,,1151.118,0.0,0.0,111.0,5.789,,,0.0,1.0,,True,completed
529,pkw,1140.0,1287.0,147.0,,1440.243,0.0,0.0,147.0,8.719,,,0.0,1.0,,True,completed
542,pkw,1150.0,1292.0,142.0,,1164.852,0.0,0.0,142.0,9.168,,,0.0,1.0,,True,completed
552,pkw,1166.0,1292.0,126.0,,1133.242,12.0,12.0,114.0,22.37,,,0.0952,0.9048,,True,completed
580,pkw,1209.0,1293.0,84.0,,863.755,0.0,0.0,84.0,4.905,,,0.0,1.0,,True,completed
348,pkw,905.0,1294.0,389.0,,861.132,73.0,300.0,89.0,307.228,,,0.7712,0.2288,,True,completed
205,pkw,659.0,1306.0,647.0,,1408.494,20.0,504.0,143.0,519.113,,,0.779,0.221,,True,completed
398,pkw,965.0,1307.0,342.0,,1730.016,4.0,146.0,196.0,165.756,,,0.4269,0.5731,,True,completed
244,pkw,735.0,1310.0,575.0,,1705.808,0.0,377.0,198.0,418.979,,,0.6557,0.3443,,True,completed
536,pkw,1145.0,1313.0,168.0,,1721.667,0.0,0.0,168.0,11.059,,,0.0,1.0,,True,completed
96,pkw,391.0,1314.0,923.0,,2014.889,0.0,710.0,213.0,739.75,,,0.7692,0.2308,,True,completed
406,pkw,982.0,1324.0,342.0,,1462.148,68.0,187.0,155.0,209.154,,,0.5468,0.4532,,True,completed
162,pkw,599.0,1326.0,727.0,,1424.859,47.0,578.0,149.0,597.733,,,0.795,0.205,,True,completed
330,pkw,877.0,1326.0,449.0,,1756.72,44.0,251.0,198.0,289.026,,,0.559,0.441,,True,completed
442,pkw,1035.0,1327.0,292.0,,1464.89,66.0,137.0,155.0,158.806,,,0.4692,0.5308,,True,completed
233,pkw,714.0,1342.0,628.0,,1751.796,69.0,448.0,180.0,468.838,,,0.7134,0.2866,,True,completed
35,pkw,158.0,1342.0,1184.0,,1137.738,69.0,1052.0,132.0,1081.143,,,0.8885,0.1115,,True,completed
467,pkw,1068.0,1342.0,274.0,,1984.476,0.0,45.0,229.0,70.801,,,0.1642,0.8358,,True,completed
59,pkw,271.0,1343.0,1072.0,,1654.944,17.0,900.0,172.0,918.67,,,0.8396,0.1604,,True,completed
257,pkw,752.0,1345.0,593.0,,1167.665,67.0,452.0,141.0,482.813,,,0.7622,0.2378,,True,completed
364,pkw,920.0,1347.0,427.0,,1463.75,66.0,270.0,157.0,290.356,,,0.6323,0.3677,,True,completed
249,pkw,740.0,1348.0,608.0,,1748.304,66.0,422.0,186.0,448.924,,,0.6941,0.3059,,True,completed
399,pkw,966.0,1348.0,382.0,,813.772,48.0,300.0,82.0,307.936,,,0.7853,0.2147,,True,completed
622,pkw,1296.0,1350.0,54.0,,560.798,0.0,0.0,54.0,2.528,,,0.0,1.0,,True,completed
457,pkw,1052.0,1351.0,299.0,,1172.835,63.0,167.0,132.0,183.1,,,0.5585,0.4415,,True,completed
126,pkw,475.0,1352.0,877.0,,1139.203,61.0,747.0,130.0,773.599,,,0.8518,0.1482,,True,completed
300,pkw,830.0,1353.0,523.0,,1452.319,68.0,336.0,187.0,384.686,,,0.6424,0.3576,,True,completed
375,pkw,933.0,1354.0,421.0,,1450.1,68.0,232.0,189.0,288.448,,,0.5511,0.4489,,True,completed
516,pkw,1127.0,1358.0,231.0,,1978.606,0.0,11.0,220.0,29.499,,,0.0476,0.9524,,True,completed
87,pkw,365.0,1359.0,994.0,,834.767,44.0,896.0,98.0,918.029,,,0.9014,0.0986,,True,completed
597,pkw,1241.0,1361.0,120.0,,1143.645,4.0,4.0,116.0,15.463,,,0.0333,0.9667,,True,completed
372,pkw,930.0,1365.0,435.0,,1391.283,0.0,300.0,135.0,310.969,,,0.6897,0.3103,,True,completed
201,pkw,651.0,1371.0,720.0,,1130.452,76.0,589.0,131.0,618.252,,,0.8181,0.1819,,True,completed
435,pkw,1026.0,1372.0,346.0,,1455.188,0.0,136.0,210.0,177.692,,,0.3931,0.6069,,True,completed
361,pkw,918.0,1373.0,455.0,,1146.465,39.0,329.0,126.0,350.135,,,0.7231,0.2769,,True,completed
574,pkw,1202.0,1376.0,174.0,,1728.228,0.0,0.0,174.0,16.512,,,0.0,1.0,,True,completed
609,pkw,1267.0,1378.0,111.0,,1123.542,0.0,0.0,111.0,8.373,,,0.0,1.0,,True,completed
568,pkw,1191.0,1379.0,188.0,,1720.563,0.0,0.0,188.0,13.275,,,0.0,1.0,,True,completed
571,pkw,1195.0,1380.0,185.0,,1718.35,6.0,6.0,179.0,22.95,,,0.0324,0.9676,,True,completed
428,pkw,1016.0,1381.0,365.0,,1420.647,10.0,218.0,147.0,234.747,,,0.5973,0.4027,,True,completed
438,pkw,1029.0,1385.0,356.0,,2066.07,26.0,100.0,256.0,120.448,,,0.2809,0.7191,,True,completed
578,pkw,1205.0,1389.0,184.0,,1446.561,0.0,0.0,184.0,12.439,,,0.0,1.0,,True,completed
559,pkw,1177.0,1393.0,216.0,,1761.659,19.0,37.0,179.0,55.657,,,0.1713,0.8287,,True,completed
628,pkw,1310.0,1395.0,85.0,,860.16,0.0,0.0,85.0,5.11,,,0.0,1.0,,True,completed
561,pkw,1181.0,1396.0,215.0,,1406.407,7.0,64.0,151.0,80.749,,,0.2977,0.7023,,True,completed
181,pkw,622.0,1400.0,778.0,,1449.596,12.0,619.0,159.0,646.129,,,0.7956,0.2044,,True,completed
32,pkw,149.0,1400.0,1251.0,,1409.461,30.0,1065.0,186.0,1096.513,,,0.8513,0.1487,,True,completed
194,pkw,638.0,1405.0,767.0,,1403.597,8.0,609.0,158.0,637.883,,,0.794,0.206,,True,completed
600,pkw,1249.0,1405.0,156.0,,1451.886,0.0,0.0,156.0,10.735,,,0.0,1.0,,True,completed
153,pkw,555.0,1409.0,854.0,,1412.944,13.0,697.0,157.0,718.41,,,0.8162,0.1838,,True,completed
566,pkw,1190.0,1409.0,219.0,,1984.699,0.0,0.0,219.0,15.553,,,0.0,1.0,,True,completed
306,pkw,841.0,1410.0,569.0,,2033.503,2.0,336.0,233.0,366.943,,,0.5905,0.4095,,True,completed
614,pkw,1278.0,1417.0,139.0,,1428.537,0.0,0.0,139.0,8.231,,,0.0,1.0,,True,completed
538,pkw,1146.0,1427.0,281.0,,1413.018,27.0,109.0,172.0,152.224,,,0.3879,0.6121,,True,completed
245,pkw,736.0,1428.0,692.0,,1731.221,0.0,469.0,223.0,508.805,,,0.6777,0.3223,,True,completed
661,pkw,1373.0,1428.0,55.0,,572.49,0.0,0.0,55.0,2.475,,,0.0,1.0,,True,completed
647,pkw,1344.0,1441.0,97.0,,862.459,8.0,8.0,89.0,17.206,,,0.0825,0.9175,,True,completed
182,pkw,624.0,1442.0,818.0,,1727.846,0.0,616.0,202.0,648.268,,,0.7531,0.2469,,True,completed
404,pkw,975.0,1443.0,468.0,,1463.951,40.0,316.0,152.0,335.783,,,0.6752,0.3248,,True,completed
408,pkw,984.0,1445.0,461.0,,1438.137,75.0,315.0,146.0,330.931,,,0.6833,0.3167,,True,completed
499,pkw,1105.0,1445.0,340.0,,1427.615,0.0,161.0,179.0,209.791,,,0.4735,0.5265,,True,completed
493,pkw,1098.0,1446.0,348.0,,1445.847,0.0,166.0,182.0,210.362,,,0.477,0.523,,True,completed
645,pkw,1338.0,1450.0,112.0,,1112.897,0.0,0.0,112.0,9.652,,,0.0,1.0,,True,completed
629,pkw,1311.0,1454.0,143.0,,1434.79,0.0,0.0,143.0,11.421,,,0.0,1.0,,True,completed
114,pkw,445.0,1459.0,1014.0,,1092.963,72.0,884.0,130.0,902.958,,,0.8718,0.1282,,True,completed
385,pkw,941.0,1462.0,521.0,,1761.48,69.0,341.0,180.0,360.931,,,0.6545,0.3455,,True,completed
563,pkw,1186.0,1462.0,276.0,,863.212,69.0,181.0,95.0,196.881,,,0.6558,0.3442,,True,completed
637,pkw,1328.0,1466.0,138.0,,1131.578,4.0,4.0,134.0,17.301,,,0.029,0.971,,True,completed
656,pkw,1360.0,1470.0,110.0,,1141.535,0.0,0.0,110.0,5.704,,,0.0,1.0,,True,completed
576,pkw,1203.0,1472.0,269.0,,1697.545,0.0,75.0,194.0,91.955,,,0.2788,0.7212,,True,completed
1,pkw,8.0,1479.0,1471.0,,1364.077,74.0,1319.0,152.0,1348.321,,,0.8967,0.1033,,True,completed
592,pkw,1230.0,1479.0,249.0,,1716.868,3.0,54.0,195.0,73.966,,,0.2169,0.7831,,True,completed
595,pkw,1235.0,1479.0,244.0,,1716.912,4.0,53.0,191.0,85.532,,,0.2172,0.7828,,True,completed
351,pkw,907.0,1480.0,573.0,,2257.321,13.0,328.0,245.0,366.431,,,0.5724,0.4276,,True,completed
554,pkw,1168.0,1480.0,312.0,,1160.68,24.0,167.0,145.0,192.158,,,0.5353,0.4647,,True,completed
623,pkw,1298.0,1480.0,182.0,,1445.418,37.0,37.0,145.0,49.865,,,0.2033,0.7967,,True,completed
518,pkw,1131.0,1497.0,366.0,,1146.427,37.0,229.0,137.0,259.015,,,0.6257,0.3743,,True,completed
62,pkw,279.0,1504.0,1225.0,,1976.878,6.0,985.0,240.0,1020.072,,,0.8041,0.1959,,True,completed
683,pkw,1418.0,1505.0,87.0,,859.095,0.0,0.0,87.0,4.687,,,0.0,1.0,,True,completed
534,pkw,1144.0,1507.0,363.0,,1147.786,0.0,191.0,172.0,238.296,,,0.5262,0.4738,,True,completed
671,pkw,1396.0,1508.0,112.0,,1179.672,0.0,0.0,112.0,4.828,,,0.0,1.0,,True,completed
314,pkw,849.0,1511.0,662.0,,1104.261,47.0,549.0,113.0,561.173,,,0.8293,0.1707,,True,completed
52,pkw,224.0,1517.0,1293.0,,819.292,73.0,1187.0,106.0,1211.939,,,0.918,0.082,,True,completed
663,pkw,1376.0,1518.0,142.0,,1150.313,7.0,7.0,135.0,28.751,,,0.0493,0.9507,,True,completed
652,pkw,1353.0,1520.0,167.0,,1741.54,0.0,0.0,167.0,8.513,,,0.0,1.0,,True,completed
374,pkw,933.0,1524.0,591.0,,1096.127,20.0,478.0,113.0,491.145,,,0.8088,0.1912,,True,completed
79,pkw,335.0,1533.0,1198.0,,2006.873,36.0,956.0,242.0,985.878,,,0.798,0.202,,True,completed
702,pkw,1455.0,1543.0,88.0,,875.282,0.0,0.0,88.0,4.718,,,0.0,1.0,,True,completed
617,pkw,1284.0,1544.0,260.0,,1177.976,68.0,143.0,117.0,152.933,,,0.55,0.45,,True,completed
473,pkw,1075.0,1545.0,470.0,,1453.663,38.0,321.0,149.0,339.778,,,0.683,0.317,,True,completed
613,pkw,1275.0,1547.0,272.0,,1169.283,66.0,148.0,124.0,165.56,,,0.5441,0.4559,,True,completed
626,pkw,1303.0,1548.0,245.0,,1173.987,66.0,124.0,121.0,138.34,,,0.5061,0.4939,,True,completed
678,pkw,1409.0,1552.0,143.0,,1422.724,1.0,1.0,142.0,12.923,,,0.007,0.993,,True,completed
676,pkw,1407.0,1561.0,154.0,,1112.219,0.0,0.0,154.0,12.722,,,0.0,1.0,,True,completed
451,pkw,1044.0,1569.0,525.0,,1732.075,42.0,347.0,178.0,367.686,,,0.661,0.339,,True,completed
719,pkw,1501.0,1584.0,83.0,,857.109,0.0,0.0,83.0,4.518,,,0.0,1.0,,True,completed
302,pkw,832.0,1602.0,770.0,,1753.73,59.0,546.0,224.0,610.354,,,0.7091,0.2909,,True,completed
736,pkw,1549.0,1602.0,53.0,,544.488,0.0,0.0,53.0,2.753,,,0.0,1.0,,True,completed
465,pkw,1067.0,1603.0,536.0,,1970.576,0.0,307.0,229.0,330.087,,,0.5728,0.4272,,True,completed
482,pkw,1083.0,1605.0,522.0,,864.304,67.0,423.0,99.0,442.801,,,0.8103,0.1897,,True,completed
23,pkw,103.0,1607.0,1504.0,,1439.262,55.0,1307.0,197.0,1373.682,,,0.869,0.131,,True,completed
541,pkw,1149.0,1608.0,459.0,,818.404,74.0,369.0,90.0,380.376,,,0.8039,0.1961,,True,completed
608,pkw,1265.0,1610.0,345.0,,1732.169,2.0,156.0,189.0,186.945,,,0.4522,0.5478,,True,completed
706,pkw,1463.0,1611.0,148.0,,1416.564,0.0,0.0,148.0,9.308,,,0.0,1.0,,True,completed
718,pkw,1499.0,1612.0,113.0,,1183.235,0.0,0.0,113.0,5.117,,,0.0,1.0,,True,completed
218,pkw,684.0,1625.0,941.0,,1964.751,0.0,740.0,201.0,762.252,,,0.7864,0.2136,,True,completed
708,pkw,1469.0,1630.0,161.0,,1472.984,0.0,0.0,161.0,8.319,,,0.0,1.0,,True,completed
63,pkw,299.0,1633.0,1334.0,,854.294,68.0,1227.0,107.0,1256.653,,,0.9198,0.0802,,True,completed
278,pkw,791.0,1634.0,843.0,,832.206,45.0,747.0,96.0,764.018,,,0.8861,0.1139,,True,completed
725,pkw,1512.0,1635.0,123.0,,1138.014,0.0,0.0,123.0,8.186,,,0.0,1.0,,True,completed
553,pkw,1167.0,1636.0,469.0,,857.761,38.0,373.0,96.0,390.801,,,0.7953,0.2047,,True,completed
587,pkw,1220.0,1636.0,416.0,,1464.164,67.0,263.0,153.0,282.861,,,0.6322,0.3678,,True,completed
651,pkw,1352.0,1639.0,287.0,,1168.62,65.0,161.0,126.0,179.465,,,0.561,0.439,,True,completed
730,pkw,1521.0,1639.0,118.0,,1144.306,4.0,4.0,114.0,13.29,,,0.0339,0.9661,,True,completed
517,pkw,1130.0,1644.0,514.0,,2042.155,28.0,241.0,273.0,291.704,,,0.4689,0.5311,,True,completed
658,pkw,1366.0,1645.0,279.0,,1756.902,50.0,66.0,213.0,98.098,,,0.2366,0.7634,,True,completed
744,pkw,1574.0,1672.0,98.0,,877.921,9.0,9.0,89.0,17.986,,,0.0918,0.9082,,True,completed
711,pkw,1477.0,1673.0,196.0,,1759.27,10.0,15.0,181.0,35.666,,,0.0765,0.9235,,True,completed
246,pkw,736.0,1674.0,938.0,,1420.308,0.0,771.0,167.0,809.087,,,0.822,0.178,,True,completed
643,pkw,1336.0,1677.0,341.0,,1449.873,0.0,152.0,189.0,173.594,,,0.4457,0.5543,,True,completed
106,pkw,423.0,1684.0,1261.0,,1110.446,18.0,1133.0,128.0,1157.937,,,0.8985,0.1015,,True,completed
749,pkw,1585.0,1684.0,99.0,,858.902,0.0,0.0,99.0,6.103,,,0.0,1.0,,True,completed
680,pkw,1415.0,1685.0,270.0,,1458.585,52.0,97.0,173.0,125.287,,,0.3593,0.6407,,True,completed
530,pkw,1141.0,1690.0,549.0,,2024.485,12.0,336.0,213.0,364.655,,,0.612,0.388,,True,completed
682,pkw,1416.0,1696.0,280.0,,1414.442,9.0,130.0,150.0,150.78,,,0.4643,0.5357,,True,completed
51,pkw,223.0,1701.0,1478.0,,1436.076,75.0,1317.0,161.0,1340.719,,,0.8911,0.1089,,True,completed
519,pkw,1131.0,1705.0,574.0,,2000.959,0.0,302.0,272.0,379.177,,,0.5261,0.4739,,True,completed
688,pkw,1432.0,1705.0,273.0,,1446.35,66.0,108.0,165.0,129.219,,,0.3956,0.6044,,True,completed
506,pkw,1112.0,1713.0,601.0,,1707.071,0.0,424.0,177.0,445.103,,,0.7055,0.2945,,True,completed
22,pkw,101.0,1716.0,1615.0,,1673.511,75.0,1436.0,179.0,1454.109,,,0.8892,0.1108,,True,completed
293,pkw,815.0,1728.0,913.0,,1130.578,70.0,752.0,161.0,789.0,,,0.8237,0.1763,,True,completed
723,pkw,1505.0,1734.0,229.0,,1697.178,0.0,0.0,229.0,16.271,,,0.0,1.0,,True,completed
649,pkw,1347.0,1738.0,391.0,,1978.842,0.0,157.0,234.0,183.942,,,0.4015,0.5985,,True,completed
598,pkw,1243.0,1741.0,498.0,,1129.973,46.0,379.0,119.0,392.401,,,0.761,0.239,,True,completed
238,pkw,728.0,1742.0,1014.0,,1678.09,0.0,841.0,173.0,861.132,,,0.8294,0.1706,,True,completed
256,pkw,750.0,1745.0,995.0,,1121.39,38.0,868.0,127.0,893.041,,,0.8724,0.1276,,True,completed
596,pkw,1236.0,1750.0,514.0,,1440.22,75.0,365.0,149.0,383.771,,,0.7101,0.2899,,True,completed
786,pkw,1698.0,1751.0,53.0,,541.519,0.0,0.0,53.0,2.948,,,0.0,1.0,,True,completed
641,pkw,1335.0,1755.0,420.0,,1425.923,0.0,240.0,180.0,261.944,,,0.5714,0.4286,,True,completed
80,pkw,336.0,1759.0,1423.0,,2224.315,0.0,1125.0,298.0,1158.648,,,0.7906,0.2094,,True,completed
136,pkw,502.0,1760.0,1258.0,,1398.49,73.0,1100.0,158.0,1119.815,,,0.8744,0.1256,,True,completed
557,pkw,1173.0,1764.0,591.0,,1456.238,44.0,408.0,183.0,457.986,,,0.6904,0.3096,,True,completed
768,pkw,1652.0,1766.0,114.0,,1168.444,0.0,0.0,114.0,7.37,,,0.0,1.0,,True,completed
764,pkw,1636.0,1767.0,131.0,,1136.821,3.0,3.0,128.0,16.647,,,0.0229,0.9771,,True,completed
111,pkw,437.0,1775.0,1338.0,,820.395,74.0,1242.0,96.0,1264.244,,,0.9283,0.0717,,True,completed
346,pkw,902.0,1779.0,877.0,,834.464,75.0,775.0,102.0,801.438,,,0.8837,0.1163,,True,completed
324,pkw,864.0,1780.0,916.0,,1132.532,47.0,787.0,129.0,813.136,,,0.8592,0.1408,,True,completed
755,pkw,1606.0,1781.0,175.0,,1730.247,0.0,0.0,175.0,10.732,,,0.0,1.0,,True,completed
394,pkw,959.0,1783.0,824.0,,2037.112,45.0,618.0,206.0,639.628,,,0.75,0.25,,True,completed
776,pkw,1675.0,1787.0,112.0,,1167.894,0.0,0.0,112.0,5.606,,,0.0,1.0,,True,completed
57,pkw,255.0,1788.0,1533.0,,1728.078,71.0,1315.0,218.0,1352.993,,,0.8578,0.1422,,True,completed
362,pkw,918.0,1792.0,874.0,,1695.365,0.0,655.0,219.0,693.478,,,0.7494,0.2506,,True,completed
488,pkw,1092.0,1793.0,701.0,,1436.878,75.0,555.0,146.0,570.77,,,0.7917,0.2083,,True,completed
299,pkw,827.0,1794.0,967.0,,1656.493,20.0,797.0,170.0,817.166,,,0.8242,0.1758,,True,completed
386,pkw,943.0,1794.0,851.0,,546.7,70.0,779.0,72.0,791.449,,,0.9154,0.0846,,True,completed
100,pkw,401.0,,1399.0,,1097.835,92.0,1257.0,142.0,1288.448,,,0.8985,0.1015,,False,on_map_at_end
101,pkw,403.0,,1397.0,,553.099,95.0,1316.0,81.0,1344.691,,,0.942,0.058,,False,on_map_at_end
104,pkw,417.0,,1383.0,,280.299,100.0,1336.0,47.0,1357.773,,,0.966,0.034,,False,on_map_at_end
107,pkw,429.0,,1371.0,,455.583,90.0,1285.0,86.0,1325.73,,,0.9373,0.0627,,False,on_map_at_end
108,pkw,432.0,,1368.0,,272.798,100.0,1318.0,50.0,1343.387,,,0.9635,0.0365,,False,on_map_at_end
11,pkw,59.0,,1741.0,,1199.371,65.0,1605.0,136.0,1633.965,,,0.9219,0.0781,,False,on_map_at_end
115,pkw,449.0,,1351.0,,825.467,100.0,1236.0,115.0,1267.061,,,0.9149,0.0851,,False,on_map_at_end
119,pkw,460.0,,1340.0,,1552.463,34.0,1170.0,170.0,1200.887,,,0.8731,0.1269,,False,on_map_at_end
121,pkw,469.0,,1331.0,,1154.029,95.0,1178.0,153.0,1217.636,,,0.885,0.115,,False,on_map_at_end
128,pkw,482.0,,1318.0,,425.214,73.0,1238.0,80.0,1276.389,,,0.9393,0.0607,,False,on_map_at_end
129,pkw,483.0,,1317.0,,280.299,100.0,1267.0,50.0,1291.773,,,0.962,0.038,,False,on_map_at_end
131,pkw,491.0,,1309.0,,257.796,100.0,1256.0,53.0,1285.798,,,0.9595,0.0405,,False,on_map_at_end
132,pkw,491.0,,1309.0,,1679.953,100.0,1094.0,215.0,1136.452,,,0.8358,0.1642,,False,on_map_at_end
133,pkw,492.0,,1308.0,,250.295,100.0,1253.0,55.0,1285.473,,,0.958,0.042,,False,on_map_at_end
134,pkw,496.0,,1304.0,,242.794,100.0,1247.0,57.0,1282.148,,,0.9563,0.0437,,False,on_map_at_end
137,pkw,509.0,,1291.0,,515.594,100.0,1214.0,77.0,1240.915,,,0.9404,0.0596,,False,on_map_at_end
138,pkw,512.0,,1288.0,,1140.279,100.0,1138.0,150.0,1182.229,,,0.8835,0.1165,,False,on_map_at_end
141,pkw,524.0,,1276.0,,265.297,100.0,1220.0,56.0,1250.182,,,0.9561,0.0439,,False,on_map_at_end
142,pkw,532.0,,1268.0,,272.798,100.0,1216.0,52.0,1243.448,,,0.959,0.041,,False,on_map_at_end
149,pkw,544.0,,1256.0,,280.299,100.0,1207.0,49.0,1230.773,,,0.961,0.039,,False,on_map_at_end
150,pkw,545.0,,1255.0,,272.798,100.0,1202.0,53.0,1230.448,,,0.9578,0.0422,,False,on_map_at_end
152,pkw,550.0,,1250.0,,235.293,100.0,1192.0,58.0,1228.823,,,0.9536,0.0464,,False,on_map_at_end
158,pkw,576.0,,1224.0,,795.895,74.0,1125.0,99.0,1152.449,,,0.9191,0.0809,,False,on_map_at_end
159,pkw,579.0,,1221.0,,1117.776,25.0,1093.0,128.0,1114.771,,,0.8952,0.1048,,False,on_map_at_end
163,pkw,601.0,,1199.0,,523.095,94.0,1121.0,78.0,1152.461,,,0.9349,0.0651,,False,on_map_at_end
165,pkw,602.0,,1198.0,,481.497,100.0,1114.0,84.0,1154.665,,,0.9299,0.0701,,False,on_map_at_end
166,pkw,603.0,,1197.0,,265.297,100.0,1143.0,54.0,1173.123,,,0.9549,0.0451,,False,on_map_at_end
167,pkw,603.0,,1197.0,,227.792,100.0,1137.0,60.0,1174.444,,,0.9499,0.0501,,False,on_map_at_end
170,pkw,607.0,,1193.0,,473.996,100.0,1103.0,90.0,1142.732,,,0.9246,0.0754,,False,on_map_at_end
172,pkw,609.0,,1191.0,,257.796,100.0,1139.0,52.0,1167.798,,,0.9563,0.0437,,False,on_map_at_end
173,pkw,612.0,,1188.0,,280.299,100.0,1142.0,46.0,1162.773,,,0.9613,0.0387,,False,on_map_at_end
174,pkw,615.0,,1185.0,,1139.027,100.0,1038.0,147.0,1081.841,,,0.8759,0.1241,,False,on_map_at_end
175,pkw,615.0,,1185.0,,265.297,100.0,1134.0,51.0,1161.123,,,0.957,0.043,,False,on_map_at_end
176,pkw,617.0,,1183.0,,250.295,100.0,1128.0,55.0,1160.419,,,0.9535,0.0465,,False,on_map_at_end
177,pkw,618.0,,1182.0,,557.966,100.0,1102.0,80.0,1128.12,,,0.9323,0.0677,,False,on_map_at_end
178,pkw,619.0,,1181.0,,220.291,100.0,1122.0,59.0,1161.174,,,0.95,0.05,,False,on_map_at_end
180,pkw,621.0,,1179.0,,257.796,100.0,1124.0,55.0,1155.798,,,0.9534,0.0466,,False,on_map_at_end
184,pkw,628.0,,1172.0,,538.097,94.0,1086.0,86.0,1111.245,,,0.9266,0.0734,,False,on_map_at_end
185,pkw,630.0,,1170.0,,212.79,100.0,1113.0,57.0,1150.849,,,0.9513,0.0487,,False,on_map_at_end
186,pkw,632.0,,1168.0,,1574.938,92.0,974.0,194.0,1007.861,,,0.8339,0.1661,,False,on_map_at_end
187,pkw,633.0,,1167.0,,242.794,100.0,1116.0,51.0,1144.117,,,0.9563,0.0437,,False,on_map_at_end
190,pkw,635.0,,1165.0,,205.289,100.0,1105.0,60.0,1144.248,,,0.9485,0.0515,,False,on_map_at_end
196,pkw,641.0,,1159.0,,831.938,69.0,1050.0,109.0,1079.762,,,0.906,0.094,,False,on_map_at_end
198,pkw,649.0,,1151.0,,197.788,100.0,1095.0,56.0,1133.199,,,0.9513,0.0487,,False,on_map_at_end
200,pkw,651.0,,1149.0,,1757.649,97.0,947.0,202.0,989.865,,,0.8242,0.1758,,False,on_map_at_end
202,pkw,654.0,,1146.0,,250.295,100.0,1084.0,62.0,1117.648,,,0.9459,0.0541,,False,on_map_at_end
203,pkw,655.0,,1145.0,,1425.996,100.0,961.0,184.0,1000.552,,,0.8393,0.1607,,False,on_map_at_end
204,pkw,656.0,,1144.0,,757.957,100.0,1048.0,96.0,1076.154,,,0.9161,0.0839,,False,on_map_at_end
206,pkw,660.0,,1140.0,,1297.198,61.0,997.0,143.0,1025.439,,,0.8746,0.1254,,False,on_map_at_end
211,pkw,670.0,,1130.0,,567.669,100.0,1054.0,76.0,1078.611,,,0.9327,0.0673,,False,on_map_at_end
213,pkw,674.0,,1126.0,,553.099,100.0,1043.0,83.0,1065.452,,,0.9263,0.0737,,False,on_map_at_end
215,pkw,680.0,,1120.0,,1088.564,100.0,993.0,127.0,1023.108,,,0.8866,0.1134,,False,on_map_at_end
220,pkw,690.0,,1110.0,,190.287,100.0,1062.0,48.0,1092.874,,,0.9568,0.0432,,False,on_map_at_end
221,pkw,691.0,,1109.0,,550.465,100.0,1028.0,81.0,1059.458,,,0.927,0.073,,False,on_map_at_end
222,pkw,691.0,,1109.0,,182.786,100.0,1056.0,53.0,1088.034,,,0.9522,0.0478,,False,on_map_at_end
223,pkw,693.0,,1107.0,,851.807,94.0,985.0,122.0,1023.593,,,0.8898,0.1102,,False,on_map_at_end
224,pkw,696.0,,1104.0,,175.285,100.0,1053.0,51.0,1088.224,,,0.9538,0.0462,,False,on_map_at_end
226,pkw,700.0,,1100.0,,1125.277,100.0,963.0,137.0,998.889,,,0.8755,0.1245,,False,on_map_at_end
228,pkw,701.0,,1099.0,,552.667,100.0,1027.0,72.0,1048.789,,,0.9345,0.0655,,False,on_map_at_end
230,pkw,706.0,,1094.0,,735.454,100.0,999.0,95.0,1027.891,,,0.9132,0.0868,,False,on_map_at_end
234,pkw,717.0,,1083.0,,242.794,100.0,1031.0,52.0,1056.822,,,0.952,0.048,,False,on_map_at_end
235,pkw,717.0,,1083.0,,280.299,95.0,1031.0,52.0,1056.714,,,0.952,0.048,,False,on_map_at_end
236,pkw,718.0,,1082.0,,167.784,100.0,1032.0,50.0,1066.512,,,0.9538,0.0462,,False,on_map_at_end
237,pkw,723.0,,1077.0,,822.627,78.0,977.0,100.0,1003.246,,,0.9071,0.0929,,False,on_map_at_end
239,pkw,728.0,,1072.0,,235.293,100.0,1024.0,48.0,1050.543,,,0.9552,0.0448,,False,on_map_at_end
241,pkw,730.0,,1070.0,,160.283,100.0,1020.0,50.0,1054.334,,,0.9533,0.0467,,False,on_map_at_end
242,pkw,732.0,,1068.0,,235.293,100.0,1017.0,51.0,1046.823,,,0.9522,0.0478,,False,on_map_at_end
243,pkw,734.0,,1066.0,,257.796,100.0,1020.0,46.0,1042.798,,,0.9568,0.0432,,False,on_map_at_end
247,pkw,737.0,,1063.0,,888.313,70.0,965.0,98.0,983.115,,,0.9078,0.0922,,False,on_map_at_end
25,pkw,110.0,,1690.0,,850.409,100.0,1583.0,107.0,1614.003,,,0.9367,0.0633,,False,on_map_at_end
250,pkw,742.0,,1058.0,,851.238,100.0,954.0,104.0,979.528,,,0.9017,0.0983,,False,on_map_at_end
253,pkw,745.0,,1055.0,,250.295,100.0,1006.0,49.0,1032.473,,,0.9536,0.0464,,False,on_map_at_end
254,pkw,747.0,,1053.0,,466.495,100.0,967.0,86.0,1010.194,,,0.9183,0.0817,,False,on_map_at_end
255,pkw,749.0,,1051.0,,280.299,100.0,1010.0,41.0,1025.773,,,0.961,0.039,,False,on_map_at_end
259,pkw,758.0,,1042.0,,832.968,95.0,936.0,106.0,964.21,,,0.8983,0.1017,,False,on_map_at_end
260,pkw,765.0,,1035.0,,272.798,100.0,988.0,47.0,1006.816,,,0.9546,0.0454,,False,on_map_at_end
261,pkw,766.0,,1034.0,,448.084,100.0,960.0,74.0,990.493,,,0.9284,0.0716,,False,on_map_at_end
262,pkw,768.0,,1032.0,,1098.836,93.0,902.0,130.0,931.654,,,0.874,0.126,,False,on_map_at_end
264,pkw,770.0,,1030.0,,559.138,93.0,951.0,79.0,979.677,,,0.9233,0.0767,,False,on_map_at_end
265,pkw,771.0,,1029.0,,280.299,100.0,985.0,44.0,1003.773,,,0.9572,0.0428,,False,on_map_at_end
266,pkw,773.0,,1027.0,,280.299,100.0,983.0,44.0,1001.773,,,0.9572,0.0428,,False,on_map_at_end
268,pkw,776.0,,1024.0,,388.076,100.0,965.0,59.0,989.613,,,0.9424,0.0576,,False,on_map_at_end
270,pkw,781.0,,1019.0,,551.229,94.0,948.0,71.0,969.062,,,0.9303,0.0697,,False,on_map_at_end
271,pkw,781.0,,1019.0,,272.798,95.0,968.0,51.0,994.448,,,0.95,0.05,,False,on_map_at_end
273,pkw,781.0,,1019.0,,227.792,100.0,966.0,53.0,993.625,,,0.948,0.052,,False,on_map_at_end
274,pkw,782.0,,1018.0,,564.829,95.0,943.0,75.0,966.593,,,0.9263,0.0737,,False,on_map_at_end
277,pkw,788.0,,1012.0,,272.798,100.0,968.0,44.0,987.448,,,0.9565,0.0435,,False,on_map_at_end
279,pkw,791.0,,1009.0,,823.035,100.0,913.0,96.0,935.466,,,0.9049,0.0951,,False,on_map_at_end
284,pkw,802.0,,998.0,,220.291,100.0,947.0,51.0,976.976,,,0.9489,0.0511,,False,on_map_at_end
285,pkw,802.0,,998.0,,833.945,100.0,862.0,136.0,908.839,,,0.8637,0.1363,,False,on_map_at_end
286,pkw,807.0,,993.0,,227.792,100.0,944.0,49.0,972.499,,,0.9507,0.0493,,False,on_map_at_end
287,pkw,807.0,,993.0,,220.291,100.0,942.0,51.0,973.174,,,0.9486,0.0514,,False,on_map_at_end
289,pkw,811.0,,989.0,,817.966,94.0,883.0,106.0,909.868,,,0.8928,0.1072,,False,on_map_at_end
291,pkw,812.0,,988.0,,1117.776,100.0,841.0,147.0,887.627,,,0.8512,0.1488,,False,on_map_at_end
292,pkw,813.0,,987.0,,1116.524,100.0,855.0,132.0,886.227,,,0.8663,0.1337,,False,on_map_at_end
294,pkw,816.0,,984.0,,212.79,100.0,932.0,52.0,962.118,,,0.9472,0.0528,,False,on_map_at_end
297,pkw,823.0,,977.0,,265.297,100.0,933.0,44.0,952.541,,,0.955,0.045,,False,on_map_at_end
298,pkw,824.0,,976.0,,212.79,100.0,924.0,52.0,955.423,,,0.9467,0.0533,,False,on_map_at_end
303,pkw,834.0,,966.0,,564.829,100.0,893.0,73.0,910.917,,,0.9244,0.0756,,False,on_map_at_end
304,pkw,840.0,,960.0,,553.099,73.0,892.0,68.0,910.761,,,0.9292,0.0708,,False,on_map_at_end
307,pkw,843.0,,957.0,,280.299,100.0,913.0,44.0,931.773,,,0.954,0.046,,False,on_map_at_end
308,pkw,844.0,,956.0,,523.095,92.0,882.0,74.0,909.461,,,0.9226,0.0774,,False,on_map_at_end
312,pkw,846.0,,954.0,,554.069,100.0,882.0,72.0,899.8,,,0.9245,0.0755,,False,on_map_at_end
313,pkw,847.0,,953.0,,265.297,94.0,907.0,46.0,928.885,,,0.9517,0.0483,,False,on_map_at_end
315,pkw,850.0,,950.0,,272.798,100.0,905.0,45.0,925.448,,,0.9526,0.0474,,False,on_map_at_end
317,pkw,855.0,,945.0,,580.239,100.0,871.0,74.0,892.778,,,0.9217,0.0783,,False,on_map_at_end
318,pkw,856.0,,944.0,,257.796,95.0,897.0,47.0,920.536,,,0.9502,0.0498,,False,on_map_at_end
319,pkw,856.0,,944.0,,851.238,94.0,822.0,122.0,851.488,,,0.8708,0.1292,,False,on_map_at_end
322,pkw,862.0,,938.0,,537.665,100.0,861.0,77.0,889.189,,,0.9179,0.0821,,False,on_map_at_end
323,pkw,863.0,,937.0,,250.295,93.0,888.0,49.0,914.473,,,0.9477,0.0523,,False,on_map_at_end
325,pkw,865.0,,935.0,,549.827,94.0,862.0,73.0,884.886,,,0.9219,0.0781,,False,on_map_at_end
328,pkw,873.0,,927.0,,358.072,88.0,876.0,51.0,891.926,,,0.945,0.055,,False,on_map_at_end
329,pkw,876.0,,924.0,,257.796,100.0,876.0,48.0,898.726,,,0.9481,0.0519,,False,on_map_at_end
331,pkw,879.0,,921.0,,250.295,98.0,873.0,48.0,898.473,,,0.9479,0.0521,,False,on_map_at_end
333,pkw,884.0,,916.0,,531.998,100.0,850.0,66.0,868.66,,,0.9279,0.0721,,False,on_map_at_end
335,pkw,887.0,,913.0,,242.794,100.0,864.0,49.0,891.148,,,0.9463,0.0537,,False,on_map_at_end
337,pkw,891.0,,909.0,,1074.884,78.0,787.0,122.0,811.306,,,0.8658,0.1342,,False,on_map_at_end
338,pkw,894.0,,906.0,,265.297,100.0,866.0,40.0,882.123,,,0.9558,0.0442,,False,on_map_at_end
340,pkw,899.0,,901.0,,1099.244,92.0,767.0,134.0,799.342,,,0.8513,0.1487,,False,on_map_at_end
341,pkw,899.0,,901.0,,1140.409,100.0,782.0,119.0,798.688,,,0.8679,0.1321,,False,on_map_at_end
342,pkw,899.0,,901.0,,822.627,100.0,809.0,92.0,826.883,,,0.8979,0.1021,,False,on_map_at_end
347,pkw,903.0,,897.0,,205.289,100.0,848.0,49.0,878.524,,,0.9454,0.0546,,False,on_map_at_end
350,pkw,907.0,,893.0,,244.196,93.0,845.0,48.0,868.683,,,0.9462,0.0538,,False,on_map_at_end
352,pkw,909.0,,891.0,,580.239,100.0,823.0,68.0,838.017,,,0.9237,0.0763,,False,on_map_at_end
353,pkw,909.0,,891.0,,280.299,95.0,843.0,48.0,862.668,,,0.9461,0.0539,,False,on_map_at_end
354,pkw,910.0,,890.0,,580.239,96.0,805.0,85.0,835.331,,,0.9045,0.0955,,False,on_map_at_end
355,pkw,911.0,,889.0,,530.164,100.0,815.0,74.0,840.865,,,0.9168,0.0832,,False,on_map_at_end
356,pkw,912.0,,888.0,,242.794,97.0,842.0,46.0,866.148,,,0.9482,0.0518,,False,on_map_at_end
357,pkw,913.0,,887.0,,1146.528,95.0,735.0,152.0,783.518,,,0.8286,0.1714,,False,on_map_at_end
358,pkw,915.0,,885.0,,152.782,100.0,835.0,50.0,871.25,,,0.9435,0.0565,,False,on_map_at_end
359,pkw,915.0,,885.0,,235.293,100.0,831.0,54.0,857.481,,,0.939,0.061,,False,on_map_at_end
360,pkw,917.0,,883.0,,478.088,100.0,819.0,64.0,839.503,,,0.9275,0.0725,,False,on_map_at_end
363,pkw,919.0,,881.0,,265.297,100.0,833.0,48.0,857.123,,,0.9455,0.0545,,False,on_map_at_end
367,pkw,921.0,,879.0,,205.289,100.0,826.0,53.0,860.524,,,0.9397,0.0603,,False,on_map_at_end
368,pkw,922.0,,878.0,,197.788,100.0,829.0,49.0,860.199,,,0.9442,0.0558,,False,on_map_at_end
371,pkw,928.0,,872.0,,272.798,100.0,833.0,39.0,847.416,,,0.9553,0.0447,,False,on_map_at_end
373,pkw,932.0,,868.0,,572.738,100.0,795.0,73.0,816.453,,,0.9159,0.0841,,False,on_map_at_end
376,pkw,933.0,,867.0,,190.287,100.0,817.0,50.0,849.685,,,0.9423,0.0577,,False,on_map_at_end
377,pkw,934.0,,866.0,,197.788,100.0,816.0,50.0,848.199,,,0.9423,0.0577,,False,on_map_at_end
378,pkw,936.0,,864.0,,257.796,100.0,814.0,50.0,839.49,,,0.9421,0.0579,,False,on_map_at_end
382,pkw,939.0,,861.0,,556.508,100.0,785.0,76.0,810.882,,,0.9117,0.0883,,False,on_map_at_end
383,pkw,941.0,,859.0,,417.85,85.0,804.0,55.0,819.353,,,0.936,0.064,,False,on_map_at_end
387,pkw,949.0,,851.0,,257.796,100.0,812.0,39.0,827.798,,,0.9542,0.0458,,False,on_map_at_end
388,pkw,951.0,,849.0,,242.794,93.0,801.0,48.0,827.148,,,0.9435,0.0565,,False,on_map_at_end
390,pkw,952.0,,848.0,,235.293,92.0,798.0,50.0,826.823,,,0.941,0.059,,False,on_map_at_end
391,pkw,954.0,,846.0,,190.286,100.0,795.0,51.0,828.874,,,0.9397,0.0603,,False,on_map_at_end
392,pkw,956.0,,844.0,,250.295,100.0,807.0,37.0,821.473,,,0.9562,0.0438,,False,on_map_at_end
393,pkw,956.0,,844.0,,182.786,100.0,803.0,41.0,827.289,,,0.9514,0.0486,,False,on_map_at_end
395,pkw,960.0,,840.0,,145.28,100.0,791.0,49.0,826.41,,,0.9417,0.0583,,False,on_map_at_end
397,pkw,965.0,,835.0,,557.328,100.0,764.0,71.0,784.35,,,0.915,0.085,,False,on_map_at_end
400,pkw,967.0,,833.0,,227.792,92.0,779.0,54.0,808.626,,,0.9352,0.0648,,False,on_map_at_end
401,pkw,970.0,,830.0,,515.162,100.0,754.0,76.0,783.278,,,0.9084,0.0916,,False,on_map_at_end
403,pkw,974.0,,826.0,,265.297,100.0,786.0,40.0,801.529,,,0.9516,0.0484,,False,on_map_at_end
405,pkw,980.0,,820.0,,280.299,96.0,780.0,40.0,794.773,,,0.9512,0.0488,,False,on_map_at_end
407,pkw,984.0,,816.0,,214.192,100.0,770.0,46.0,796.723,,,0.9436,0.0564,,False,on_map_at_end
409,pkw,985.0,,815.0,,665.105,86.0,729.0,86.0,749.907,,,0.8945,0.1055,,False,on_map_at_end
41,pkw,182.0,,1618.0,,761.798,100.0,1502.0,116.0,1546.572,,,0.9283,0.0717,,False,on_map_at_end
410,pkw,987.0,,813.0,,280.299,95.0,769.0,44.0,787.158,,,0.9459,0.0541,,False,on_map_at_end
411,pkw,990.0,,810.0,,250.295,100.0,769.0,41.0,786.137,,,0.9494,0.0506,,False,on_map_at_end
413,pkw,991.0,,809.0,,272.798,96.0,766.0,43.0,783.655,,,0.9468,0.0532,,False,on_map_at_end
414,pkw,991.0,,809.0,,977.417,100.0,692.0,117.0,721.305,,,0.8554,0.1446,,False,on_map_at_end
415,pkw,992.0,,808.0,,559.138,95.0,732.0,76.0,757.661,,,0.9059,0.0941,,False,on_map_at_end
418,pkw,1000.0,,800.0,,280.299,96.0,758.0,42.0,774.773,,,0.9475,0.0525,,False,on_map_at_end
420,pkw,1001.0,,799.0,,206.691,100.0,756.0,43.0,780.398,,,0.9462,0.0538,,False,on_map_at_end
421,pkw,1001.0,,799.0,,500.16,100.0,730.0,69.0,753.52,,,0.9136,0.0864,,False,on_map_at_end
423,pkw,1003.0,,797.0,,572.738,100.0,728.0,69.0,745.437,,,0.9134,0.0866,,False,on_map_at_end
424,pkw,1006.0,,794.0,,257.796,100.0,755.0,39.0,770.798,,,0.9509,0.0491,,False,on_map_at_end
426,pkw,1011.0,,789.0,,227.792,100.0,748.0,41.0,765.929,,,0.948,0.052,,False,on_map_at_end
427,pkw,1014.0,,786.0,,265.297,95.0,740.0,46.0,761.074,,,0.9415,0.0585,,False,on_map_at_end
429,pkw,1017.0,,783.0,,182.785,100.0,743.0,40.0,766.549,,,0.9489,0.0511,,False,on_map_at_end
43,pkw,184.0,,1616.0,,1140.639,95.0,1454.0,162.0,1492.059,,,0.8998,0.1002,,False,on_map_at_end
430,pkw,1017.0,,783.0,,527.324,93.0,706.0,77.0,735.009,,,0.9017,0.0983,,False,on_map_at_end
431,pkw,1018.0,,782.0,,564.009,95.0,704.0,78.0,730.475,,,0.9003,0.0997,,False,on_map_at_end
432,pkw,1018.0,,782.0,,242.794,100.0,740.0,42.0,757.753,,,0.9463,0.0537,,False,on_map_at_end
433,pkw,1019.0,,781.0,,551.637,93.0,697.0,84.0,721.705,,,0.8924,0.1076,,False,on_map_at_end
434,pkw,1023.0,,777.0,,549.827,97.0,706.0,71.0,727.039,,,0.9086,0.0914,,False,on_map_at_end
436,pkw,1028.0,,772.0,,137.779,100.0,733.0,39.0,759.433,,,0.9495,0.0505,,False,on_map_at_end
437,pkw,1028.0,,772.0,,175.285,100.0,733.0,39.0,756.224,,,0.9495,0.0505,,False,on_map_at_end
439,pkw,1030.0,,770.0,,235.293,100.0,729.0,41.0,748.823,,,0.9468,0.0532,,False,on_map_at_end
440,pkw,1034.0,,766.0,,257.796,95.0,721.0,45.0,742.798,,,0.9413,0.0587,,False,on_map_at_end
441,pkw,1035.0,,765.0,,206.691,100.0,716.0,49.0,744.756,,,0.9359,0.0641,,False,on_map_at_end
443,pkw,1036.0,,764.0,,265.297,100.0,723.0,41.0,740.123,,,0.9463,0.0537,,False,on_map_at_end
444,pkw,1036.0,,764.0,,257.796,100.0,720.0,44.0,737.745,,,0.9424,0.0576,,False,on_map_at_end
445,pkw,1037.0,,763.0,,519.823,93.0,684.0,79.0,715.681,,,0.8965,0.1035,,False,on_map_at_end
446,pkw,1038.0,,762.0,,272.798,95.0,717.0,45.0,737.245,,,0.9409,0.0591,,False,on_map_at_end
447,pkw,1040.0,,760.0,,250.295,93.0,713.0,47.0,737.349,,,0.9382,0.0618,,False,on_map_at_end
448,pkw,1042.0,,758.0,,236.695,93.0,712.0,46.0,736.697,,,0.9393,0.0607,,False,on_map_at_end
449,pkw,1042.0,,758.0,,235.293,95.0,708.0,50.0,736.597,,,0.934,0.066,,False,on_map_at_end
452,pkw,1045.0,,755.0,,242.794,93.0,705.0,50.0,730.158,,,0.9338,0.0662,,False,on_map_at_end
453,pkw,1047.0,,753.0,,130.278,100.0,713.0,40.0,740.255,,,0.9469,0.0531,,False,on_map_at_end
454,pkw,1047.0,,753.0,,1151.189,99.0,611.0,142.0,636.42,,,0.8114,0.1886,,False,on_map_at_end
455,pkw,1049.0,,751.0,,250.295,100.0,708.0,43.0,725.929,,,0.9427,0.0573,,False,on_map_at_end
456,pkw,1050.0,,750.0,,536.227,94.0,672.0,78.0,695.173,,,0.896,0.104,,False,on_map_at_end
458,pkw,1054.0,,746.0,,220.291,100.0,707.0,39.0,726.174,,,0.9477,0.0523,,False,on_map_at_end
459,pkw,1054.0,,746.0,,167.783,100.0,704.0,42.0,729.373,,,0.9437,0.0563,,False,on_map_at_end
46,pkw,191.0,,1609.0,,1582.871,95.0,1390.0,219.0,1441.342,,,0.8639,0.1361,,False,on_map_at_end
460,pkw,1055.0,,745.0,,266.699,100.0,702.0,43.0,715.85,,,0.9423,0.0577,,False,on_map_at_end
461,pkw,1058.0,,742.0,,1127.438,57.0,581.0,161.0,599.141,,,0.783,0.217,,False,on_map_at_end
462,pkw,1062.0,,738.0,,566.639,97.0,664.0,74.0,680.182,,,0.8997,0.1003,,False,on_map_at_end
463,pkw,1065.0,,735.0,,242.794,100.0,694.0,41.0,711.63,,,0.9442,0.0558,,False,on_map_at_end
464,pkw,1066.0,,734.0,,542.326,96.0,660.0,74.0,679.346,,,0.8992,0.1008,,False,on_map_at_end
466,pkw,1068.0,,732.0,,572.738,94.0,644.0,88.0,675.529,,,0.8798,0.1202,,False,on_map_at_end
468,pkw,1069.0,,731.0,,272.798,95.0,688.0,43.0,704.939,,,0.9412,0.0588,,False,on_map_at_end
469,pkw,1070.0,,730.0,,551.229,100.0,661.0,69.0,679.059,,,0.9055,0.0945,,False,on_map_at_end
470,pkw,1071.0,,729.0,,528.726,92.0,659.0,70.0,679.121,,,0.904,0.096,,False,on_map_at_end
472,pkw,1073.0,,727.0,,242.794,100.0,687.0,40.0,705.148,,,0.945,0.055,,False,on_map_at_end
474,pkw,1076.0,,724.0,,235.293,93.0,678.0,46.0,702.823,,,0.9365,0.0635,,False,on_map_at_end
476,pkw,1081.0,,719.0,,1415.578,96.0,557.0,162.0,590.448,,,0.7747,0.2253,,False,on_map_at_end
477,pkw,1081.0,,719.0,,849.977,94.0,620.0,99.0,638.571,,,0.8623,0.1377,,False,on_map_at_end
478,pkw,1081.0,,719.0,,455.153,100.0,651.0,68.0,677.721,,,0.9054,0.0946,,False,on_map_at_end
479,pkw,1081.0,,719.0,,175.284,100.0,677.0,42.0,700.545,,,0.9416,0.0584,,False,on_map_at_end
48,pkw,196.0,,1604.0,,280.299,100.0,1548.0,56.0,1576.692,,,0.9651,0.0349,,False,on_map_at_end
480,pkw,1082.0,,718.0,,565.237,100.0,651.0,67.0,666.01,,,0.9067,0.0933,,False,on_map_at_end
483,pkw,1084.0,,716.0,,265.297,94.0,663.0,53.0,685.275,,,0.926,0.074,,False,on_map_at_end
484,pkw,1087.0,,713.0,,1079.019,100.0,587.0,126.0,612.168,,,0.8233,0.1767,,False,on_map_at_end
485,pkw,1088.0,,712.0,,227.792,94.0,669.0,43.0,690.662,,,0.9396,0.0604,,False,on_map_at_end
486,pkw,1089.0,,711.0,,621.873,94.0,639.0,72.0,655.306,,,0.8987,0.1013,,False,on_map_at_end
489,pkw,1095.0,,705.0,,531.566,100.0,637.0,68.0,652.862,,,0.9035,0.0965,,False,on_map_at_end
490,pkw,1095.0,,705.0,,212.789,100.0,666.0,39.0,685.849,,,0.9447,0.0553,,False,on_map_at_end
494,pkw,1098.0,,702.0,,160.282,100.0,662.0,40.0,687.041,,,0.943,0.057,,False,on_map_at_end
495,pkw,1101.0,,699.0,,443.992,100.0,632.0,67.0,656.915,,,0.9041,0.0959,,False,on_map_at_end
496,pkw,1102.0,,698.0,,167.783,100.0,654.0,44.0,679.118,,,0.937,0.063,,False,on_map_at_end
497,pkw,1102.0,,698.0,,152.781,100.0,658.0,40.0,683.609,,,0.9427,0.0573,,False,on_map_at_end
498,pkw,1104.0,,696.0,,1423.079,95.0,531.0,165.0,566.893,,,0.7629,0.2371,,False,on_map_at_end
50,pkw,212.0,,1588.0,,1687.886,93.0,1389.0,199.0,1436.464,,,0.8747,0.1253,,False,on_map_at_end
500,pkw,1107.0,,693.0,,145.28,100.0,653.0,40.0,679.925,,,0.9423,0.0577,,False,on_map_at_end
501,pkw,1107.0,,693.0,,137.779,100.0,652.0,41.0,680.6,,,0.9408,0.0592,,False,on_map_at_end
502,pkw,1109.0,,691.0,,436.491,100.0,625.0,66.0,650.426,,,0.9045,0.0955,,False,on_map_at_end
504,pkw,1111.0,,689.0,,1104.896,45.0,571.0,118.0,589.43,,,0.8287,0.1713,,False,on_map_at_end
505,pkw,1112.0,,688.0,,257.796,93.0,640.0,48.0,664.798,,,0.9302,0.0698,,False,on_map_at_end
507,pkw,1112.0,,688.0,,843.898,100.0,569.0,119.0,593.819,,,0.827,0.173,,False,on_map_at_end
508,pkw,1113.0,,687.0,,543.728,100.0,615.0,72.0,632.341,,,0.8952,0.1048,,False,on_map_at_end
509,pkw,1115.0,,685.0,,790.893,100.0,577.0,108.0,602.395,,,0.8423,0.1577,,False,on_map_at_end
510,pkw,1115.0,,685.0,,528.726,100.0,616.0,69.0,635.792,,,0.8993,0.1007,,False,on_map_at_end
511,pkw,1115.0,,685.0,,130.278,100.0,646.0,39.0,673.275,,,0.9431,0.0569,,False,on_map_at_end
512,pkw,1116.0,,684.0,,837.148,74.0,597.0,87.0,608.632,,,0.8728,0.1272,,False,on_map_at_end
514,pkw,1123.0,,677.0,,220.291,92.0,635.0,42.0,657.174,,,0.938,0.062,,False,on_map_at_end
515,pkw,1124.0,,676.0,,160.282,100.0,636.0,40.0,661.128,,,0.9408,0.0592,,False,on_map_at_end
521,pkw,1134.0,,666.0,,524.065,100.0,596.0,70.0,614.514,,,0.8949,0.1051,,False,on_map_at_end
522,pkw,1135.0,,665.0,,1728.2,30.0,435.0,230.0,471.734,,,0.6541,0.3459,,False,on_map_at_end
523,pkw,1136.0,,664.0,,122.777,100.0,621.0,43.0,650.684,,,0.9352,0.0648,,False,on_map_at_end
524,pkw,1137.0,,663.0,,236.695,94.0,624.0,39.0,639.86,,,0.9412,0.0588,,False,on_map_at_end
525,pkw,1139.0,,661.0,,516.564,100.0,593.0,68.0,614.078,,,0.8971,0.1029,,False,on_map_at_end
526,pkw,1140.0,,660.0,,227.792,100.0,617.0,43.0,639.499,,,0.9348,0.0652,,False,on_map_at_end
527,pkw,1140.0,,660.0,,152.781,100.0,619.0,41.0,646.25,,,0.9379,0.0621,,False,on_map_at_end
528,pkw,1140.0,,660.0,,265.297,94.0,621.0,39.0,636.123,,,0.9409,0.0591,,False,on_map_at_end
531,pkw,1142.0,,658.0,,783.392,100.0,552.0,106.0,578.919,,,0.8389,0.1611,,False,on_map_at_end
535,pkw,1145.0,,655.0,,265.297,94.0,608.0,47.0,629.477,,,0.9282,0.0718,,False,on_map_at_end
537,pkw,1146.0,,654.0,,1118.207,93.0,518.0,136.0,549.752,,,0.792,0.208,,False,on_map_at_end
539,pkw,1147.0,,653.0,,512.322,91.0,582.0,71.0,605.593,,,0.8913,0.1087,,False,on_map_at_end
543,pkw,1152.0,,648.0,,266.699,100.0,609.0,39.0,621.046,,,0.9398,0.0602,,False,on_map_at_end
544,pkw,1152.0,,648.0,,199.19,100.0,607.0,41.0,628.691,,,0.9367,0.0633,,False,on_map_at_end
545,pkw,1155.0,,645.0,,432.65,100.0,573.0,72.0,600.587,,,0.8884,0.1116,,False,on_map_at_end
546,pkw,1156.0,,644.0,,504.821,91.0,572.0,72.0,596.301,,,0.8882,0.1118,,False,on_map_at_end
547,pkw,1156.0,,644.0,,536.227,100.0,577.0,67.0,595.16,,,0.896,0.104,,False,on_map_at_end
548,pkw,1161.0,,639.0,,564.829,96.0,574.0,65.0,588.0,,,0.8983,0.1017,,False,on_map_at_end
549,pkw,1162.0,,638.0,,485.158,100.0,567.0,71.0,590.874,,,0.8887,0.1113,,False,on_map_at_end
550,pkw,1163.0,,637.0,,497.32,91.0,565.0,72.0,589.712,,,0.887,0.113,,False,on_map_at_end
551,pkw,1164.0,,636.0,,250.295,100.0,596.0,40.0,612.782,,,0.9371,0.0629,,False,on_map_at_end
555,pkw,1169.0,,631.0,,145.28,100.0,591.0,40.0,617.925,,,0.9366,0.0634,,False,on_map_at_end
560,pkw,1179.0,,621.0,,212.79,91.0,577.0,44.0,600.672,,,0.9291,0.0709,,False,on_map_at_end
562,pkw,1184.0,,616.0,,544.136,94.0,549.0,67.0,564.789,,,0.8912,0.1088,,False,on_map_at_end
564,pkw,1187.0,,613.0,,227.792,92.0,575.0,38.0,592.499,,,0.938,0.062,,False,on_map_at_end
565,pkw,1190.0,,610.0,,259.198,100.0,574.0,36.0,586.672,,,0.941,0.059,,False,on_map_at_end
567,pkw,1190.0,,610.0,,122.777,100.0,570.0,40.0,598.95,,,0.9344,0.0656,,False,on_map_at_end
569,pkw,1191.0,,609.0,,557.736,93.0,532.0,77.0,558.803,,,0.8736,0.1264,,False,on_map_at_end
570,pkw,1194.0,,606.0,,235.293,100.0,563.0,43.0,583.723,,,0.929,0.071,,False,on_map_at_end
572,pkw,1199.0,,601.0,,564.829,100.0,531.0,70.0,545.915,,,0.8835,0.1165,,False,on_map_at_end
573,pkw,1202.0,,598.0,,227.792,100.0,560.0,38.0,572.799,,,0.9365,0.0635,,False,on_map_at_end
575,pkw,1203.0,,597.0,,176.687,100.0,559.0,38.0,581.098,,,0.9363,0.0637,,False,on_map_at_end
577,pkw,1204.0,,596.0,,789.364,93.0,505.0,91.0,525.099,,,0.8473,0.1527,,False,on_map_at_end
579,pkw,1205.0,,595.0,,242.794,100.0,555.0,40.0,573.148,,,0.9328,0.0672,,False,on_map_at_end
58,pkw,269.0,,1531.0,,272.798,100.0,1477.0,54.0,1506.448,,,0.9647,0.0353,,False,on_map_at_end
581,pkw,1212.0,,588.0,,205.288,91.0,549.0,39.0,569.524,,,0.9337,0.0663,,False,on_map_at_end
582,pkw,1215.0,,585.0,,559.138,96.0,516.0,69.0,529.109,,,0.8821,0.1179,,False,on_map_at_end
584,pkw,1217.0,,583.0,,544.136,100.0,511.0,72.0,534.027,,,0.8765,0.1235,,False,on_map_at_end
585,pkw,1218.0,,582.0,,205.288,100.0,542.0,40.0,561.317,,,0.9313,0.0687,,False,on_map_at_end
586,pkw,1219.0,,581.0,,504.001,100.0,512.0,69.0,534.595,,,0.8812,0.1188,,False,on_map_at_end
588,pkw,1220.0,,580.0,,220.291,100.0,537.0,43.0,560.174,,,0.9259,0.0741,,False,on_map_at_end
589,pkw,1222.0,,578.0,,1453.969,100.0,412.0,166.0,446.67,,,0.7128,0.2872,,False,on_map_at_end
590,pkw,1227.0,,573.0,,229.194,93.0,534.0,39.0,552.372,,,0.9319,0.0681,,False,on_map_at_end
591,pkw,1228.0,,572.0,,550.235,92.0,497.0,75.0,519.105,,,0.8689,0.1311,,False,on_map_at_end
593,pkw,1232.0,,568.0,,489.819,91.0,497.0,71.0,519.889,,,0.875,0.125,,False,on_map_at_end
594,pkw,1233.0,,567.0,,169.186,100.0,527.0,40.0,551.773,,,0.9295,0.0705,,False,on_map_at_end
599,pkw,1249.0,,551.0,,551.229,100.0,492.0,59.0,501.144,,,0.8929,0.1071,,False,on_map_at_end
601,pkw,1251.0,,549.0,,1020.693,98.0,429.0,120.0,456.46,,,0.7814,0.2186,,False,on_map_at_end
602,pkw,1251.0,,549.0,,421.489,100.0,476.0,73.0,506.801,,,0.867,0.133,,False,on_map_at_end
603,pkw,1252.0,,548.0,,1415.578,95.0,351.0,197.0,376.184,,,0.6405,0.3595,,False,on_map_at_end
604,pkw,1254.0,,546.0,,137.779,100.0,505.0,41.0,533.6,,,0.9249,0.0751,,False,on_map_at_end
605,pkw,1256.0,,544.0,,197.787,100.0,503.0,41.0,523.788,,,0.9246,0.0754,,False,on_map_at_end
606,pkw,1259.0,,541.0,,565.237,100.0,469.0,72.0,481.66,,,0.8669,0.1331,,False,on_map_at_end
607,pkw,1265.0,,535.0,,519.823,91.0,464.0,71.0,487.7,,,0.8673,0.1327,,False,on_map_at_end
610,pkw,1270.0,,530.0,,462.654,99.0,463.0,67.0,487.913,,,0.8736,0.1264,,False,on_map_at_end
611,pkw,1274.0,,526.0,,565.237,100.0,444.0,82.0,466.303,,,0.8441,0.1559,,False,on_map_at_end
612,pkw,1274.0,,526.0,,235.293,100.0,492.0,34.0,503.737,,,0.9354,0.0646,,False,on_map_at_end
615,pkw,1280.0,,520.0,,190.286,100.0,477.0,43.0,498.949,,,0.9173,0.0827,,False,on_map_at_end
616,pkw,1282.0,,518.0,,257.796,92.0,476.0,42.0,494.019,,,0.9189,0.0811,,False,on_map_at_end
618,pkw,1287.0,,513.0,,825.558,100.0,413.0,100.0,437.597,,,0.8051,0.1949,,False,on_map_at_end
619,pkw,1290.0,,510.0,,543.728,100.0,445.0,65.0,460.374,,,0.8725,0.1275,,False,on_map_at_end
620,pkw,1291.0,,509.0,,182.785,100.0,470.0,39.0,492.549,,,0.9234,0.0766,,False,on_map_at_end
621,pkw,1291.0,,509.0,,536.227,100.0,443.0,66.0,460.442,,,0.8703,0.1297,,False,on_map_at_end
624,pkw,1300.0,,500.0,,250.295,93.0,461.0,39.0,477.473,,,0.922,0.078,,False,on_map_at_end
625,pkw,1301.0,,499.0,,417.648,100.0,441.0,58.0,458.673,,,0.8838,0.1162,,False,on_map_at_end
627,pkw,1306.0,,494.0,,227.792,100.0,459.0,35.0,473.499,,,0.9291,0.0709,,False,on_map_at_end
630,pkw,1314.0,,486.0,,1466.783,0.0,331.0,155.0,351.941,,,0.6811,0.3189,,False,on_map_at_end
631,pkw,1317.0,,483.0,,130.278,100.0,451.0,32.0,470.756,,,0.9337,0.0663,,False,on_map_at_end
632,pkw,1317.0,,483.0,,542.734,93.0,407.0,76.0,434.153,,,0.8427,0.1573,,False,on_map_at_end
633,pkw,1318.0,,482.0,,1453.969,96.0,333.0,149.0,350.684,,,0.6909,0.3091,,False,on_map_at_end
634,pkw,1323.0,,477.0,,512.322,92.0,409.0,68.0,430.359,,,0.8574,0.1426,,False,on_map_at_end
635,pkw,1324.0,,476.0,,550.235,100.0,415.0,61.0,426.449,,,0.8718,0.1282,,False,on_map_at_end
636,pkw,1328.0,,472.0,,768.39,100.0,385.0,87.0,402.288,,,0.8157,0.1843,,False,on_map_at_end
638,pkw,1329.0,,471.0,,482.317,91.0,399.0,72.0,424.084,,,0.8471,0.1529,,False,on_map_at_end
639,pkw,1330.0,,470.0,,811.442,91.0,376.0,94.0,396.95,,,0.8,0.2,,False,on_map_at_end
640,pkw,1334.0,,466.0,,1408.077,94.0,312.0,154.0,333.694,,,0.6695,0.3305,,False,on_map_at_end
642,pkw,1336.0,,464.0,,529.134,93.0,397.0,67.0,416.35,,,0.8556,0.1444,,False,on_map_at_end
644,pkw,1337.0,,463.0,,220.291,92.0,415.0,48.0,437.735,,,0.8963,0.1037,,False,on_map_at_end
646,pkw,1340.0,,460.0,,1328.386,0.0,304.0,156.0,323.544,,,0.6609,0.3391,,False,on_map_at_end
648,pkw,1345.0,,455.0,,506.223,93.0,384.0,71.0,405.973,,,0.844,0.156,,False,on_map_at_end
650,pkw,1349.0,,451.0,,220.291,100.0,420.0,31.0,431.16,,,0.9313,0.0687,,False,on_map_at_end
653,pkw,1354.0,,446.0,,513.724,90.0,373.0,73.0,396.469,,,0.8363,0.1637,,False,on_map_at_end
654,pkw,1354.0,,446.0,,1408.077,94.0,281.0,165.0,318.418,,,0.63,0.37,,False,on_map_at_end
655,pkw,1358.0,,442.0,,257.796,93.0,403.0,39.0,418.798,,,0.9118,0.0882,,False,on_map_at_end
657,pkw,1365.0,,435.0,,212.79,100.0,403.0,32.0,415.849,,,0.9264,0.0736,,False,on_map_at_end
659,pkw,1371.0,,429.0,,527.732,91.0,359.0,70.0,380.216,,,0.8368,0.1632,,False,on_map_at_end
66,pkw,302.0,,1498.0,,545.598,95.0,1412.0,86.0,1446.599,,,0.9426,0.0574,,False,on_map_at_end
660,pkw,1373.0,,427.0,,827.494,92.0,322.0,105.0,345.083,,,0.7541,0.2459,,False,on_map_at_end
662,pkw,1375.0,,425.0,,850.635,93.0,327.0,98.0,348.442,,,0.7694,0.2306,,False,on_map_at_end
664,pkw,1381.0,,419.0,,831.315,93.0,325.0,94.0,344.181,,,0.7757,0.2243,,False,on_map_at_end
665,pkw,1381.0,,419.0,,122.777,100.0,392.0,27.0,407.254,,,0.9356,0.0644,,False,on_map_at_end
666,pkw,1382.0,,418.0,,474.816,89.0,349.0,69.0,374.741,,,0.8349,0.1651,,False,on_map_at_end
667,pkw,1383.0,,417.0,,220.291,92.0,376.0,41.0,393.844,,,0.9017,0.0983,,False,on_map_at_end
668,pkw,1388.0,,412.0,,197.787,91.0,380.0,32.0,391.816,,,0.9223,0.0777,,False,on_map_at_end
669,pkw,1391.0,,409.0,,212.79,100.0,376.0,33.0,389.053,,,0.9193,0.0807,,False,on_map_at_end
67,pkw,305.0,,1495.0,,832.968,100.0,1386.0,109.0,1420.129,,,0.9271,0.0729,,False,on_map_at_end
670,pkw,1391.0,,409.0,,542.734,100.0,350.0,59.0,359.576,,,0.8557,0.1443,,False,on_map_at_end
672,pkw,1398.0,,402.0,,115.276,100.0,375.0,27.0,391.238,,,0.9328,0.0672,,False,on_map_at_end
673,pkw,1398.0,,402.0,,551.229,100.0,342.0,60.0,352.117,,,0.8507,0.1493,,False,on_map_at_end
674,pkw,1402.0,,398.0,,115.276,100.0,368.0,30.0,384.045,,,0.9246,0.0754,,False,on_map_at_end
675,pkw,1402.0,,398.0,,1424.743,0.0,257.0,141.0,268.923,,,0.6457,0.3543,,False,on_map_at_end
677,pkw,1407.0,,393.0,,236.695,100.0,355.0,38.0,364.434,,,0.9033,0.0967,,False,on_map_at_end
679,pkw,1412.0,,388.0,,242.794,92.0,346.0,42.0,363.656,,,0.8918,0.1082,,False,on_map_at_end
681,pkw,1416.0,,384.0,,506.223,100.0,323.0,61.0,336.739,,,0.8411,0.1589,,False,on_map_at_end
684,pkw,1423.0,,377.0,,190.286,91.0,348.0,29.0,359.414,,,0.9231,0.0769,,False,on_map_at_end
685,pkw,1424.0,,376.0,,107.775,100.0,351.0,25.0,366.3,,,0.9335,0.0665,,False,on_map_at_end
686,pkw,1432.0,,368.0,,220.291,100.0,336.0,32.0,348.174,,,0.913,0.087,,False,on_map_at_end
687,pkw,1432.0,,368.0,,182.785,90.0,338.0,30.0,350.783,,,0.9185,0.0815,,False,on_map_at_end
689,pkw,1435.0,,365.0,,557.736,100.0,302.0,63.0,311.522,,,0.8274,0.1726,,False,on_map_at_end
690,pkw,1436.0,,364.0,,391.485,100.0,305.0,59.0,328.766,,,0.8379,0.1621,,False,on_map_at_end
691,pkw,1440.0,,360.0,,107.775,100.0,335.0,25.0,350.016,,,0.9306,0.0694,,False,on_map_at_end
692,pkw,1440.0,,360.0,,100.274,100.0,336.0,24.0,350.258,,,0.9333,0.0667,,False,on_map_at_end
693,pkw,1440.0,,360.0,,115.276,100.0,335.0,25.0,349.625,,,0.9306,0.0694,,False,on_map_at_end
694,pkw,1440.0,,360.0,,250.294,92.0,319.0,41.0,337.473,,,0.8861,0.1139,,False,on_map_at_end
695,pkw,1441.0,,359.0,,572.738,100.0,291.0,68.0,302.043,,,0.8106,0.1894,,False,on_map_at_end
696,pkw,1443.0,,357.0,,205.289,100.0,324.0,33.0,338.524,,,0.9076,0.0924,,False,on_map_at_end
697,pkw,1444.0,,356.0,,242.786,91.0,315.0,41.0,334.149,,,0.8848,0.1152,,False,on_map_at_end
698,pkw,1445.0,,355.0,,521.863,91.0,290.0,65.0,307.375,,,0.8169,0.1831,,False,on_map_at_end
699,pkw,1445.0,,355.0,,235.204,91.0,314.0,41.0,333.831,,,0.8845,0.1155,,False,on_map_at_end
700,pkw,1447.0,,353.0,,161.678,90.0,312.0,41.0,336.234,,,0.8839,0.1161,,False,on_map_at_end
701,pkw,1450.0,,350.0,,197.788,100.0,317.0,33.0,329.793,,,0.9057,0.0943,,False,on_map_at_end
703,pkw,1456.0,,344.0,,506.631,91.0,283.0,61.0,296.453,,,0.8227,0.1773,,False,on_map_at_end
704,pkw,1461.0,,339.0,,536.227,100.0,278.0,61.0,289.344,,,0.8201,0.1799,,False,on_map_at_end
705,pkw,1462.0,,338.0,,447.652,97.0,283.0,55.0,297.34,,,0.8373,0.1627,,False,on_map_at_end
707,pkw,1464.0,,336.0,,520.231,91.0,267.0,69.0,289.179,,,0.7946,0.2054,,False,on_map_at_end
709,pkw,1473.0,,327.0,,212.79,91.0,294.0,33.0,306.737,,,0.8991,0.1009,,False,on_map_at_end
710,pkw,1476.0,,324.0,,175.284,90.0,292.0,32.0,305.811,,,0.9012,0.0988,,False,on_map_at_end
712,pkw,1479.0,,321.0,,167.783,90.0,290.0,31.0,305.051,,,0.9034,0.0966,,False,on_map_at_end
713,pkw,1486.0,,314.0,,206.691,93.0,285.0,29.0,295.398,,,0.9076,0.0924,,False,on_map_at_end
714,pkw,1487.0,,313.0,,266.699,100.0,279.0,34.0,287.821,,,0.8914,0.1086,,False,on_map_at_end
715,pkw,1490.0,,310.0,,828.398,94.0,221.0,89.0,234.676,,,0.7129,0.2871,,False,on_map_at_end
716,pkw,1491.0,,309.0,,1148.548,100.0,180.0,129.0,202.367,,,0.5825,0.4175,,False,on_map_at_end
717,pkw,1494.0,,306.0,,1450.128,94.0,142.0,164.0,164.396,,,0.4641,0.5359,,False,on_map_at_end
720,pkw,1502.0,,298.0,,812.492,90.0,208.0,90.0,224.147,,,0.698,0.302,,False,on_map_at_end
721,pkw,1502.0,,298.0,,212.79,92.0,268.0,30.0,278.849,,,0.8993,0.1007,,False,on_map_at_end
722,pkw,1505.0,,295.0,,684.954,100.0,214.0,81.0,232.855,,,0.7254,0.2746,,False,on_map_at_end
724,pkw,1509.0,,291.0,,190.287,100.0,260.0,31.0,273.109,,,0.8935,0.1065,,False,on_map_at_end
726,pkw,1518.0,,282.0,,214.192,100.0,252.0,30.0,262.723,,,0.8936,0.1064,,False,on_map_at_end
727,pkw,1519.0,,281.0,,745.886,100.0,197.0,84.0,213.151,,,0.7011,0.2989,,False,on_map_at_end
728,pkw,1520.0,,280.0,,280.299,100.0,249.0,31.0,252.842,,,0.8893,0.1107,,False,on_map_at_end
729,pkw,1520.0,,280.0,,100.274,100.0,256.0,24.0,270.048,,,0.9143,0.0857,,False,on_map_at_end
731,pkw,1527.0,,273.0,,432.65,95.0,220.0,53.0,233.558,,,0.8059,0.1941,,False,on_map_at_end
732,pkw,1528.0,,272.0,,221.693,91.0,236.0,36.0,250.058,,,0.8676,0.1324,,False,on_map_at_end
733,pkw,1532.0,,268.0,,206.691,100.0,236.0,32.0,246.997,,,0.8806,0.1194,,False,on_map_at_end
734,pkw,1536.0,,264.0,,738.385,100.0,181.0,83.0,197.002,,,0.6856,0.3144,,False,on_map_at_end
735,pkw,1543.0,,257.0,,205.289,91.0,226.0,31.0,238.243,,,0.8794,0.1206,,False,on_map_at_end
737,pkw,1554.0,,246.0,,92.773,100.0,219.0,27.0,237.528,,,0.8902,0.1098,,False,on_map_at_end
738,pkw,1556.0,,244.0,,1125.708,100.0,128.0,116.0,142.014,,,0.5246,0.4754,,False,on_map_at_end
739,pkw,1559.0,,241.0,,124.179,94.0,218.0,23.0,229.824,,,0.9046,0.0954,,False,on_map_at_end
740,pkw,1559.0,,241.0,,1289.976,89.0,102.0,139.0,124.311,,,0.4232,0.5768,,False,on_map_at_end
741,pkw,1565.0,,235.0,,175.284,100.0,205.0,30.0,218.963,,,0.8723,0.1277,,False,on_map_at_end
742,pkw,1565.0,,235.0,,797.49,92.0,135.0,100.0,158.053,,,0.5745,0.4255,,False,on_map_at_end
743,pkw,1570.0,,230.0,,410.147,90.0,176.0,54.0,192.641,,,0.7652,0.2348,,False,on_map_at_end
745,pkw,1575.0,,225.0,,197.788,90.0,194.0,31.0,207.199,,,0.8622,0.1378,,False,on_map_at_end
746,pkw,1580.0,,220.0,,564.009,63.0,156.0,64.0,169.239,,,0.7091,0.2909,,False,on_map_at_end
747,pkw,1582.0,,218.0,,507.661,92.0,159.0,59.0,172.086,,,0.7294,0.2706,,False,on_map_at_end
748,pkw,1584.0,,216.0,,182.786,100.0,192.0,24.0,197.208,,,0.8889,0.1111,,False,on_map_at_end
75,pkw,320.0,,1480.0,,265.297,100.0,1421.0,59.0,1455.651,,,0.9601,0.0399,,False,on_map_at_end
750,pkw,1587.0,,213.0,,833.059,96.0,121.0,92.0,132.041,,,0.5681,0.4319,,False,on_map_at_end
751,pkw,1591.0,,209.0,,549.007,57.0,139.0,70.0,159.573,,,0.6651,0.3349,,False,on_map_at_end
752,pkw,1600.0,,200.0,,497.32,93.0,139.0,61.0,152.656,,,0.695,0.305,,False,on_map_at_end
753,pkw,1601.0,,199.0,,380.143,100.0,147.0,52.0,164.35,,,0.7387,0.2613,,False,on_map_at_end
754,pkw,1603.0,,197.0,,175.284,100.0,177.0,20.0,181.224,,,0.8985,0.1015,,False,on_map_at_end
756,pkw,1610.0,,190.0,,167.783,100.0,167.0,23.0,171.728,,,0.8789,0.1211,,False,on_map_at_end
757,pkw,1617.0,,183.0,,85.272,100.0,157.0,26.0,175.14,,,0.8579,0.1421,,False,on_map_at_end
758,pkw,1617.0,,183.0,,528.726,100.0,117.0,66.0,134.992,,,0.6393,0.3607,,False,on_map_at_end
759,pkw,1619.0,,181.0,,441.553,100.0,128.0,53.0,133.481,,,0.7072,0.2928,,False,on_map_at_end
760,pkw,1623.0,,177.0,,167.783,100.0,157.0,20.0,161.899,,,0.887,0.113,,False,on_map_at_end
761,pkw,1624.0,,176.0,,235.293,100.0,150.0,26.0,153.56,,,0.8523,0.1477,,False,on_map_at_end
762,pkw,1629.0,,171.0,,205.289,92.0,142.0,29.0,152.524,,,0.8304,0.1696,,False,on_map_at_end
763,pkw,1636.0,,164.0,,443.992,100.0,119.0,45.0,124.04,,,0.7256,0.2744,,False,on_map_at_end
765,pkw,1640.0,,160.0,,1479.776,0.0,0.0,160.0,17.932,,,0.0,1.0,,False,on_map_at_end
766,pkw,1645.0,,155.0,,506.223,90.0,92.0,63.0,106.406,,,0.5935,0.4065,,False,on_map_at_end
767,pkw,1649.0,,151.0,,205.289,100.0,129.0,22.0,132.524,,,0.8543,0.1457,,False,on_map_at_end
769,pkw,1653.0,,147.0,,250.295,94.0,114.0,33.0,124.473,,,0.7755,0.2245,,False,on_map_at_end
77,pkw,332.0,,1468.0,,1140.279,97.0,1318.0,150.0,1342.417,,,0.8978,0.1022,,False,on_map_at_end
770,pkw,1658.0,,142.0,,541.506,56.0,69.0,73.0,84.396,,,0.4859,0.5141,,False,on_map_at_end
771,pkw,1660.0,,140.0,,227.505,93.0,110.0,30.0,119.524,,,0.7857,0.2143,,False,on_map_at_end
772,pkw,1666.0,,134.0,,810.556,46.0,45.0,89.0,54.041,,,0.3358,0.6642,,False,on_map_at_end
773,pkw,1669.0,,131.0,,863.949,36.0,36.0,95.0,47.923,,,0.2748,0.7252,,False,on_map_at_end
774,pkw,1671.0,,129.0,,796.44,43.0,42.0,87.0,57.32,,,0.3256,0.6744,,False,on_map_at_end
775,pkw,1673.0,,127.0,,160.282,100.0,108.0,19.0,112.512,,,0.8504,0.1496,,False,on_map_at_end
777,pkw,1676.0,,124.0,,483.72,55.0,54.0,70.0,66.313,,,0.4355,0.5645,,False,on_map_at_end
778,pkw,1681.0,,119.0,,1062.43,10.0,10.0,109.0,21.962,,,0.084,0.916,,False,on_map_at_end
779,pkw,1682.0,,118.0,,154.15,89.0,91.0,27.0,104.126,,,0.7712,0.2288,,False,on_map_at_end
780,pkw,1683.0,,117.0,,160.282,99.0,98.0,19.0,100.877,,,0.8376,0.1624,,False,on_map_at_end
781,pkw,1688.0,,112.0,,848.156,23.0,23.0,89.0,31.768,,,0.2054,0.7946,,False,on_map_at_end
782,pkw,1691.0,,109.0,,803.055,27.0,26.0,83.0,35.388,,,0.2385,0.7615,,False,on_map_at_end
783,pkw,1691.0,,109.0,,444.669,36.0,36.0,73.0,53.067,,,0.3303,0.6697,,False,on_map_at_end
784,pkw,1692.0,,108.0,,92.773,96.0,95.0,13.0,99.65,,,0.8796,0.1204,,False,on_map_at_end
785,pkw,1696.0,,104.0,,280.299,76.0,75.0,29.0,78.773,,,0.7212,0.2788,,False,on_map_at_end
787,pkw,1702.0,,98.0,,77.771,89.0,88.0,10.0,91.001,,,0.898,0.102,,False,on_map_at_end
788,pkw,1709.0,,91.0,,107.775,79.0,78.0,13.0,81.3,,,0.8571,0.1429,,False,on_map_at_end
789,pkw,1711.0,,89.0,,835.899,6.0,5.0,84.0,13.31,,,0.0562,0.9438,,False,on_map_at_end
790,pkw,1712.0,,88.0,,235.293,56.0,55.0,33.0,66.301,,,0.625,0.375,,False,on_map_at_end
791,pkw,1718.0,,82.0,,856.283,0.0,0.0,82.0,3.682,,,0.0,1.0,,False,on_map_at_end
792,pkw,1723.0,,77.0,,715.268,0.0,0.0,77.0,4.865,,,0.0,1.0,,False,on_map_at_end
793,pkw,1724.0,,76.0,,70.27,65.0,64.0,12.0,69.676,,,0.8421,0.1579,,False,on_map_at_end
794,pkw,1732.0,,68.0,,160.282,52.0,51.0,17.0,53.574,,,0.75,0.25,,False,on_map_at_end
795,pkw,1740.0,,60.0,,251.697,31.0,30.0,30.0,33.972,,,0.5,0.5,,False,on_map_at_end
796,pkw,1740.0,,60.0,,636.466,0.0,0.0,60.0,2.718,,,0.0,1.0,,False,on_map_at_end
797,pkw,1740.0,,60.0,,86.674,49.0,48.0,12.0,52.199,,,0.8,0.2,,False,on_map_at_end
798,pkw,1740.0,,60.0,,492.659,10.0,9.0,51.0,15.271,,,0.15,0.85,,False,on_map_at_end
799,pkw,1741.0,,59.0,,550.167,1.0,0.0,59.0,6.23,,,0.0,1.0,,False,on_map_at_end
800,pkw,1743.0,,57.0,,476.219,9.0,8.0,49.0,13.56,,,0.1404,0.8596,,False,on_map_at_end
801,pkw,1744.0,,56.0,,229.194,33.0,32.0,24.0,35.001,,,0.5714,0.4286,,False,on_map_at_end
802,pkw,1745.0,,55.0,,100.274,43.0,42.0,13.0,45.975,,,0.7636,0.2364,,False,on_map_at_end
803,pkw,1747.0,,53.0,,442.947,0.0,0.0,53.0,3.201,,,0.0,1.0,,False,on_map_at_end
804,pkw,1750.0,,50.0,,85.272,39.0,38.0,12.0,42.325,,,0.76,0.24,,False,on_map_at_end
805,pkw,1755.0,,45.0,,459.131,0.0,0.0,45.0,2.283,,,0.0,1.0,,False,on_map_at_end
806,pkw,1762.0,,38.0,,403.87,0.0,0.0,38.0,1.651,,,0.0,1.0,,False,on_map_at_end
807,pkw,1763.0,,37.0,,318.314,0.0,0.0,37.0,2.688,,,0.0,1.0,,False,on_map_at_end
808,pkw,1764.0,,36.0,,341.046,0.0,0.0,36.0,1.585,,,0.0,1.0,,False,on_map_at_end
809,pkw,1765.0,,35.0,,369.53,0.0,0.0,35.0,1.617,,,0.0,1.0,,False,on_map_at_end
81,pkw,340.0,,1460.0,,1721.546,100.0,1248.0,212.0,1304.496,,,0.8548,0.1452,,False,on_map_at_end
810,pkw,1769.0,,31.0,,258.778,0.0,0.0,31.0,2.08,,,0.0,1.0,,False,on_map_at_end
811,pkw,1773.0,,27.0,,244.171,2.0,1.0,26.0,5.024,,,0.037,0.963,,False,on_map_at_end
812,pkw,1776.0,,24.0,,152.781,5.0,4.0,20.0,9.212,,,0.1667,0.8333,,False,on_map_at_end
813,pkw,1777.0,,23.0,,228.98,0.0,0.0,23.0,1.06,,,0.0,1.0,,False,on_map_at_end
814,pkw,1779.0,,21.0,,145.28,3.0,2.0,19.0,7.925,,,0.0952,0.9048,,False,on_map_at_end
815,pkw,1794.0,,6.0,,63.987,0.0,0.0,6.0,0.241,,,0.0,1.0,,False,on_map_at_end
816,pkw,1799.0,,1.0,,10.106,0.0,0.0,1.0,0.004,,,0.0,1.0,,False,on_map_at_end
83,pkw,343.0,,1457.0,,580.469,100.0,1368.0,89.0,1398.335,,,0.9389,0.0611,,False,on_map_at_end
85,pkw,354.0,,1446.0,,553.096,96.0,1365.0,81.0,1396.761,,,0.944,0.056,,False,on_map_at_end
86,pkw,359.0,,1441.0,,1447.498,100.0,1266.0,175.0,1309.708,,,0.8786,0.1214,,False,on_map_at_end
89,pkw,367.0,,1433.0,,494.493,100.0,1346.0,87.0,1382.629,,,0.9393,0.0607,,False,on_map_at_end
92,pkw,375.0,,1425.0,,830.766,100.0,1314.0,111.0,1350.77,,,0.9221,0.0779,,False,on_map_at_end
