vehicle_id,enter_time_s,departure_time_s,travel_time_s,accumulated_waiting_time_s,custom_wait_s,time_loss_s,free_flow_time_s,delay_s,waiting_fraction,completed_trip,trip_status
2,15.0,100.0,85.0,0.0,0.0,5.646,,,0.0,True,completed
6,39.0,121.0,82.0,0.0,0.0,4.794,,,0.0,True,completed
8,58.0,150.0,92.0,0.0,0.0,5.437,,,0.0,True,completed
0,1.0,162.0,161.0,0.0,0.0,10.893,,,0.0,True,completed
1,10.0,167.0,157.0,1.0,1.0,13.152,,,0.0064,True,completed
25,112.0,178.0,66.0,0.0,0.0,5.626,,,0.0,True,completed
13,77.0,181.0,104.0,0.0,0.0,7.92,,,0.0,True,completed
7,54.0,185.0,131.0,0.0,0.0,8.655,,,0.0,True,completed
14,78.0,193.0,115.0,0.0,0.0,8.473,,,0.0,True,completed
10,63.0,194.0,131.0,0.0,0.0,7.743,,,0.0,True,completed
4,35.0,201.0,166.0,0.0,0.0,11.185,,,0.0,True,completed
12,75.0,211.0,136.0,0.0,0.0,6.858,,,0.0,True,completed
5,37.0,211.0,174.0,0.0,0.0,11.748,,,0.0,True,completed
19,91.0,214.0,123.0,0.0,0.0,6.008,,,0.0,True,completed
31,139.0,214.0,75.0,0.0,0.0,4.251,,,0.0,True,completed
16,85.0,217.0,132.0,0.0,0.0,8.777,,,0.0,True,completed
24,111.0,219.0,108.0,0.0,0.0,9.92,,,0.0,True,completed
22,105.0,223.0,118.0,0.0,0.0,6.842,,,0.0,True,completed
32,140.0,226.0,86.0,0.0,0.0,4.815,,,0.0,True,completed
15,80.0,235.0,155.0,0.0,0.0,9.373,,,0.0,True,completed
23,107.0,237.0,130.0,0.0,0.0,9.493,,,0.0,True,completed
11,71.0,238.0,167.0,0.0,0.0,11.547,,,0.0,True,completed
20,99.0,239.0,140.0,0.0,0.0,8.49,,,0.0,True,completed
3,28.0,239.0,211.0,0.0,0.0,11.198,,,0.0,True,completed
43,187.0,242.0,55.0,0.0,0.0,4.326,,,0.0,True,completed
33,140.0,261.0,121.0,0.0,0.0,6.067,,,0.0,True,completed
28,118.0,269.0,151.0,0.0,0.0,8.526,,,0.0,True,completed
17,86.0,270.0,184.0,0.0,0.0,12.301,,,0.0,True,completed
44,198.0,280.0,82.0,0.0,0.0,4.395,,,0.0,True,completed
35,147.0,287.0,140.0,0.0,0.0,8.306,,,0.0,True,completed
40,176.0,292.0,116.0,0.0,0.0,11.267,,,0.0,True,completed
27,115.0,297.0,182.0,0.0,0.0,10.92,,,0.0,True,completed
9,62.0,300.0,238.0,0.0,0.0,16.838,,,0.0,True,completed
21,102.0,301.0,199.0,0.0,0.0,12.986,,,0.0,True,completed
38,170.0,304.0,134.0,0.0,0.0,12.656,,,0.0,True,completed
29,119.0,307.0,188.0,0.0,0.0,14.492,,,0.0,True,completed
42,179.0,309.0,130.0,0.0,0.0,7.548,,,0.0,True,completed
30,138.0,312.0,174.0,0.0,0.0,14.153,,,0.0,True,completed
26,112.0,315.0,203.0,6.0,6.0,27.478,,,0.0296,True,completed
54,237.0,322.0,85.0,0.0,0.0,6.912,,,0.0,True,completed
49,221.0,323.0,102.0,0.0,0.0,8.049,,,0.0,True,completed
51,229.0,327.0,98.0,0.0,0.0,6.232,,,0.0,True,completed
36,155.0,333.0,178.0,0.0,0.0,11.057,,,0.0,True,completed
18,88.0,334.0,246.0,0.0,0.0,16.421,,,0.0,True,completed
52,230.0,343.0,113.0,0.0,0.0,6.76,,,0.0,True,completed
57,269.0,344.0,75.0,0.0,0.0,3.962,,,0.0,True,completed
34,144.0,347.0,203.0,0.0,0.0,12.418,,,0.0,True,completed
37,156.0,348.0,192.0,0.0,0.0,9.271,,,0.0,True,completed
60,279.0,359.0,80.0,0.0,0.0,6.223,,,0.0,True,completed
45,205.0,364.0,159.0,0.0,0.0,12.532,,,0.0,True,completed
39,174.0,366.0,192.0,0.0,0.0,13.357,,,0.0,True,completed
59,277.0,366.0,89.0,0.0,0.0,5.019,,,0.0,True,completed
55,258.0,373.0,115.0,0.0,0.0,6.533,,,0.0,True,completed
46,212.0,385.0,173.0,0.0,0.0,10.889,,,0.0,True,completed
41,177.0,387.0,210.0,0.0,0.0,13.452,,,0.0,True,completed
53,232.0,387.0,155.0,0.0,0.0,8.095,,,0.0,True,completed
58,276.0,388.0,112.0,0.0,0.0,6.259,,,0.0,True,completed
68,308.0,390.0,82.0,0.0,0.0,6.232,,,0.0,True,completed
66,298.0,394.0,96.0,0.0,0.0,6.339,,,0.0,True,completed
62,284.0,397.0,113.0,0.0,0.0,6.73,,,0.0,True,completed
61,280.0,407.0,127.0,0.0,0.0,7.41,,,0.0,True,completed
64,287.0,410.0,123.0,0.0,0.0,7.841,,,0.0,True,completed
71,325.0,414.0,89.0,0.0,0.0,5.457,,,0.0,True,completed
48,219.0,418.0,199.0,0.0,0.0,15.248,,,0.0,True,completed
56,260.0,420.0,160.0,0.0,0.0,9.918,,,0.0,True,completed
50,223.0,426.0,203.0,0.0,0.0,16.121,,,0.0,True,completed
63,286.0,431.0,145.0,0.0,0.0,7.767,,,0.0,True,completed
47,213.0,438.0,225.0,0.0,0.0,14.75,,,0.0,True,completed
67,303.0,460.0,157.0,0.0,0.0,10.332,,,0.0,True,completed
80,389.0,472.0,83.0,0.0,0.0,4.876,,,0.0,True,completed
69,311.0,480.0,169.0,0.0,0.0,9.994,,,0.0,True,completed
74,331.0,481.0,150.0,0.0,0.0,8.86,,,0.0,True,completed
70,321.0,489.0,168.0,0.0,0.0,10.439,,,0.0,True,completed
65,295.0,491.0,196.0,0.0,0.0,13.654,,,0.0,True,completed
87,409.0,492.0,83.0,0.0,0.0,6.941,,,0.0,True,completed
73,330.0,493.0,163.0,0.0,0.0,11.469,,,0.0,True,completed
78,380.0,494.0,114.0,0.0,0.0,6.155,,,0.0,True,completed
75,350.0,496.0,146.0,0.0,0.0,9.68,,,0.0,True,completed
100,453.0,507.0,54.0,0.0,0.0,2.772,,,0.0,True,completed
81,392.0,507.0,115.0,0.0,0.0,6.652,,,0.0,True,completed
90,422.0,507.0,85.0,0.0,0.0,4.63,,,0.0,True,completed
94,431.0,511.0,80.0,0.0,0.0,7.55,,,0.0,True,completed
72,328.0,513.0,185.0,0.0,0.0,12.788,,,0.0,True,completed
77,378.0,525.0,147.0,0.0,0.0,9.827,,,0.0,True,completed
76,360.0,526.0,166.0,0.0,0.0,9.742,,,0.0,True,completed
84,403.0,527.0,124.0,0.0,0.0,6.254,,,0.0,True,completed
89,420.0,531.0,111.0,0.0,0.0,7.568,,,0.0,True,completed
92,427.0,531.0,104.0,0.0,0.0,7.457,,,0.0,True,completed
97,443.0,538.0,95.0,0.0,0.0,6.473,,,0.0,True,completed
79,381.0,541.0,160.0,0.0,0.0,11.308,,,0.0,True,completed
98,443.0,545.0,102.0,0.0,0.0,5.625,,,0.0,True,completed
88,410.0,553.0,143.0,0.0,0.0,8.637,,,0.0,True,completed
85,407.0,558.0,151.0,1.0,1.0,14.108,,,0.0066,True,completed
104,467.0,563.0,96.0,0.0,0.0,6.869,,,0.0,True,completed
112,488.0,566.0,78.0,0.0,0.0,6.142,,,0.0,True,completed
110,483.0,575.0,92.0,0.0,0.0,6.003,,,0.0,True,completed
108,474.0,581.0,107.0,0.0,0.0,6.696,,,0.0,True,completed
83,401.0,581.0,180.0,0.0,0.0,11.827,,,0.0,True,completed
86,408.0,584.0,176.0,0.0,2.0,17.132,,,0.0114,True,completed
91,424.0,586.0,162.0,0.0,0.0,11.344,,,0.0,True,completed
116,504.0,589.0,85.0,2.0,2.0,15.378,,,0.0235,True,completed
82,398.0,595.0,197.0,0.0,0.0,11.088,,,0.0,True,completed
99,444.0,601.0,157.0,0.0,0.0,9.857,,,0.0,True,completed
101,454.0,604.0,150.0,0.0,0.0,8.923,,,0.0,True,completed
96,437.0,608.0,171.0,0.0,0.0,10.94,,,0.0,True,completed
107,473.0,610.0,137.0,0.0,0.0,7.682,,,0.0,True,completed
102,466.0,615.0,149.0,0.0,0.0,8.988,,,0.0,True,completed
123,535.0,619.0,84.0,0.0,0.0,4.82,,,0.0,True,completed
93,429.0,621.0,192.0,1.0,1.0,16.268,,,0.0052,True,completed
95,432.0,622.0,190.0,0.0,0.0,12.359,,,0.0,True,completed
118,515.0,630.0,115.0,0.0,0.0,6.948,,,0.0,True,completed
130,556.0,639.0,83.0,0.0,0.0,4.923,,,0.0,True,completed
106,471.0,640.0,169.0,0.0,0.0,10.234,,,0.0,True,completed
134,573.0,643.0,70.0,0.0,0.0,3.373,,,0.0,True,completed
131,565.0,646.0,81.0,0.0,0.0,5.077,,,0.0,True,completed
141,602.0,651.0,49.0,0.0,0.0,2.173,,,0.0,True,completed
114,495.0,652.0,157.0,0.0,0.0,11.05,,,0.0,True,completed
117,508.0,656.0,148.0,1.0,1.0,13.028,,,0.0068,True,completed
127,549.0,656.0,107.0,0.0,0.0,8.068,,,0.0,True,completed
109,475.0,658.0,183.0,0.0,1.0,15.057,,,0.0055,True,completed
113,491.0,661.0,170.0,0.0,0.0,9.382,,,0.0,True,completed
137,582.0,667.0,85.0,0.0,0.0,4.626,,,0.0,True,completed
129,553.0,669.0,116.0,0.0,1.0,9.296,,,0.0086,True,completed
103,468.0,680.0,212.0,0.0,0.0,14.176,,,0.0,True,completed
105,468.0,681.0,213.0,0.0,0.0,12.354,,,0.0,True,completed
121,532.0,699.0,167.0,0.0,6.0,19.655,,,0.0359,True,completed
122,535.0,703.0,168.0,0.0,0.0,13.362,,,0.0,True,completed
143,604.0,705.0,101.0,0.0,0.0,4.643,,,0.0,True,completed
125,547.0,708.0,161.0,0.0,0.0,20.028,,,0.0,True,completed
124,539.0,709.0,170.0,0.0,2.0,17.814,,,0.0118,True,completed
120,527.0,711.0,184.0,0.0,0.0,11.875,,,0.0,True,completed
126,547.0,716.0,169.0,0.0,0.0,12.181,,,0.0,True,completed
132,566.0,716.0,150.0,0.0,0.0,9.518,,,0.0,True,completed
115,503.0,721.0,218.0,0.0,0.0,14.399,,,0.0,True,completed
111,488.0,722.0,234.0,0.0,0.0,16.098,,,0.0,True,completed
135,580.0,722.0,142.0,0.0,0.0,8.056,,,0.0,True,completed
119,526.0,725.0,199.0,0.0,8.0,21.86,,,0.0402,True,completed
142,604.0,727.0,123.0,0.0,0.0,7.492,,,0.0,True,completed
136,581.0,733.0,152.0,0.0,0.0,8.319,,,0.0,True,completed
153,648.0,741.0,93.0,0.0,0.0,5.621,,,0.0,True,completed
140,591.0,745.0,154.0,0.0,0.0,10.601,,,0.0,True,completed
156,664.0,749.0,85.0,6.0,6.0,15.528,,,0.0706,True,completed
159,673.0,750.0,77.0,0.0,0.0,5.613,,,0.0,True,completed
138,583.0,754.0,171.0,0.0,0.0,10.239,,,0.0,True,completed
128,550.0,758.0,208.0,0.0,0.0,14.204,,,0.0,True,completed
150,638.0,758.0,120.0,0.0,0.0,7.54,,,0.0,True,completed
154,652.0,759.0,107.0,0.0,0.0,6.768,,,0.0,True,completed
133,571.0,765.0,194.0,0.0,0.0,11.296,,,0.0,True,completed
147,622.0,765.0,143.0,0.0,0.0,10.465,,,0.0,True,completed
144,612.0,770.0,158.0,0.0,0.0,11.894,,,0.0,True,completed
149,638.0,776.0,138.0,0.0,0.0,7.883,,,0.0,True,completed
139,584.0,784.0,200.0,4.0,9.0,29.927,,,0.045,True,completed
148,623.0,803.0,180.0,0.0,0.0,11.91,,,0.0,True,completed
152,645.0,804.0,159.0,0.0,17.0,32.739,,,0.1069,True,completed
155,657.0,810.0,153.0,0.0,0.0,10.352,,,0.0,True,completed
145,617.0,817.0,200.0,0.0,0.0,10.513,,,0.0,True,completed
161,684.0,817.0,133.0,0.0,0.0,7.235,,,0.0,True,completed
163,695.0,821.0,126.0,0.0,0.0,7.89,,,0.0,True,completed
151,640.0,823.0,183.0,7.0,7.0,21.938,,,0.0383,True,completed
171,742.0,838.0,96.0,0.0,0.0,5.875,,,0.0,True,completed
177,756.0,838.0,82.0,0.0,0.0,4.739,,,0.0,True,completed
179,761.0,842.0,81.0,0.0,0.0,4.452,,,0.0,True,completed
181,767.0,851.0,84.0,0.0,0.0,6.668,,,0.0,True,completed
157,666.0,857.0,191.0,19.0,23.0,41.629,,,0.1204,True,completed
186,783.0,862.0,79.0,0.0,0.0,4.605,,,0.0,True,completed
165,707.0,865.0,158.0,0.0,0.0,11.262,,,0.0,True,completed
180,763.0,867.0,104.0,0.0,0.0,7.194,,,0.0,True,completed
170,738.0,869.0,131.0,0.0,0.0,7.025,,,0.0,True,completed
167,731.0,871.0,140.0,0.0,0.0,9.083,,,0.0,True,completed
173,748.0,877.0,129.0,0.0,0.0,10.391,,,0.0,True,completed
160,681.0,879.0,198.0,0.0,0.0,14.431,,,0.0,True,completed
164,706.0,881.0,175.0,8.0,8.0,20.917,,,0.0457,True,completed
146,620.0,882.0,262.0,0.0,0.0,18.931,,,0.0,True,completed
194,808.0,895.0,87.0,0.0,0.0,5.308,,,0.0,True,completed
158,668.0,897.0,229.0,1.0,1.0,21.96,,,0.0044,True,completed
178,760.0,897.0,137.0,1.0,1.0,13.256,,,0.0073,True,completed
166,729.0,901.0,172.0,0.0,0.0,11.276,,,0.0,True,completed
182,767.0,906.0,139.0,0.0,0.0,7.961,,,0.0,True,completed
183,774.0,910.0,136.0,0.0,0.0,11.395,,,0.0,True,completed
175,755.0,912.0,157.0,0.0,0.0,11.259,,,0.0,True,completed
189,795.0,913.0,118.0,0.0,0.0,6.906,,,0.0,True,completed
193,807.0,914.0,107.0,0.0,0.0,6.425,,,0.0,True,completed
176,757.0,925.0,168.0,0.0,0.0,20.114,,,0.0,True,completed
162,695.0,926.0,231.0,0.0,0.0,13.482,,,0.0,True,completed
201,830.0,930.0,100.0,0.0,0.0,6.766,,,0.0,True,completed
168,734.0,941.0,207.0,0.0,0.0,15.78,,,0.0,True,completed
211,863.0,946.0,83.0,0.0,0.0,5.352,,,0.0,True,completed
169,737.0,952.0,215.0,0.0,0.0,14.465,,,0.0,True,completed
196,819.0,958.0,139.0,0.0,0.0,7.709,,,0.0,True,completed
217,883.0,963.0,80.0,0.0,0.0,4.95,,,0.0,True,completed
218,886.0,966.0,80.0,0.0,0.0,4.353,,,0.0,True,completed
188,794.0,971.0,177.0,0.0,0.0,10.986,,,0.0,True,completed
174,752.0,973.0,221.0,1.0,1.0,23.687,,,0.0045,True,completed
213,871.0,974.0,103.0,0.0,0.0,4.98,,,0.0,True,completed
202,837.0,975.0,138.0,0.0,0.0,7.966,,,0.0,True,completed
172,746.0,976.0,230.0,1.0,1.0,18.792,,,0.0043,True,completed
200,825.0,977.0,152.0,0.0,0.0,9.804,,,0.0,True,completed
214,876.0,979.0,103.0,0.0,0.0,8.483,,,0.0,True,completed
198,820.0,981.0,161.0,0.0,0.0,9.453,,,0.0,True,completed
216,877.0,982.0,105.0,14.0,14.0,23.676,,,0.1333,True,completed
207,856.0,983.0,127.0,4.0,4.0,17.739,,,0.0315,True,completed
197,819.0,986.0,167.0,0.0,0.0,12.169,,,0.0,True,completed
224,902.0,986.0,84.0,0.0,0.0,4.423,,,0.0,True,completed
205,848.0,988.0,140.0,0.0,0.0,8.051,,,0.0,True,completed
184,774.0,991.0,217.0,0.0,0.0,17.267,,,0.0,True,completed
210,862.0,995.0,133.0,0.0,0.0,10.729,,,0.0,True,completed
221,894.0,1003.0,109.0,0.0,0.0,14.938,,,0.0,True,completed
191,803.0,1005.0,202.0,13.0,13.0,30.633,,,0.0644,True,completed
223,898.0,1005.0,107.0,0.0,0.0,7.567,,,0.0,True,completed
185,776.0,1007.0,231.0,6.0,6.0,25.802,,,0.026,True,completed
209,861.0,1007.0,146.0,0.0,0.0,9.337,,,0.0,True,completed
192,804.0,1013.0,209.0,0.0,0.0,12.454,,,0.0,True,completed
195,809.0,1016.0,207.0,0.0,0.0,14.255,,,0.0,True,completed
239,938.0,1018.0,80.0,0.0,0.0,10.41,,,0.0,True,completed
187,793.0,1019.0,226.0,0.0,0.0,15.171,,,0.0,True,completed
204,846.0,1021.0,175.0,10.0,10.0,25.356,,,0.0571,True,completed
206,853.0,1025.0,172.0,0.0,0.0,12.479,,,0.0,True,completed
246,966.0,1025.0,59.0,0.0,0.0,5.014,,,0.0,True,completed
203,842.0,1029.0,187.0,0.0,0.0,16.764,,,0.0,True,completed
241,944.0,1029.0,85.0,0.0,0.0,6.313,,,0.0,True,completed
190,802.0,1030.0,228.0,0.0,0.0,18.013,,,0.0,True,completed
208,860.0,1039.0,179.0,0.0,0.0,11.394,,,0.0,True,completed
238,935.0,1041.0,106.0,0.0,0.0,8.195,,,0.0,True,completed
232,926.0,1047.0,121.0,0.0,0.0,10.172,,,0.0,True,completed
219,892.0,1050.0,158.0,0.0,0.0,9.858,,,0.0,True,completed
247,967.0,1050.0,83.0,0.0,0.0,5.677,,,0.0,True,completed
226,913.0,1051.0,138.0,0.0,0.0,9.463,,,0.0,True,completed
234,930.0,1056.0,126.0,0.0,0.0,8.285,,,0.0,True,completed
233,928.0,1060.0,132.0,0.0,0.0,14.677,,,0.0,True,completed
215,876.0,1061.0,185.0,16.0,16.0,36.066,,,0.0865,True,completed
240,940.0,1061.0,121.0,0.0,0.0,9.767,,,0.0,True,completed
212,865.0,1068.0,203.0,0.0,1.0,14.621,,,0.0049,True,completed
242,949.0,1068.0,119.0,0.0,0.0,7.946,,,0.0,True,completed
257,1001.0,1068.0,67.0,0.0,0.0,4.209,,,0.0,True,completed
248,971.0,1071.0,100.0,0.0,0.0,5.038,,,0.0,True,completed
220,892.0,1079.0,187.0,0.0,7.0,25.117,,,0.0374,True,completed
225,903.0,1080.0,177.0,0.0,0.0,10.482,,,0.0,True,completed
235,931.0,1081.0,150.0,0.0,0.0,9.357,,,0.0,True,completed
264,1017.0,1090.0,73.0,18.0,18.0,24.465,,,0.2466,True,completed
236,933.0,1098.0,165.0,0.0,0.0,9.944,,,0.0,True,completed
199,820.0,1101.0,281.0,0.0,0.0,20.57,,,0.0,True,completed
250,978.0,1101.0,123.0,0.0,0.0,6.588,,,0.0,True,completed
231,926.0,1106.0,180.0,2.0,2.0,14.529,,,0.0111,True,completed
253,988.0,1106.0,118.0,0.0,0.0,7.034,,,0.0,True,completed
263,1016.0,1106.0,90.0,0.0,0.0,7.699,,,0.0,True,completed
266,1018.0,1106.0,88.0,0.0,0.0,5.301,,,0.0,True,completed
267,1019.0,1113.0,94.0,0.0,0.0,8.091,,,0.0,True,completed
280,1055.0,1113.0,58.0,0.0,0.0,3.523,,,0.0,True,completed
230,924.0,1116.0,192.0,0.0,0.0,10.466,,,0.0,True,completed
255,993.0,1118.0,125.0,0.0,0.0,10.271,,,0.0,True,completed
256,1001.0,1119.0,118.0,0.0,0.0,8.671,,,0.0,True,completed
245,960.0,1120.0,160.0,11.0,12.0,25.799,,,0.075,True,completed
227,918.0,1125.0,207.0,0.0,16.0,37.639,,,0.0773,True,completed
244,957.0,1125.0,168.0,0.0,0.0,10.781,,,0.0,True,completed
261,1009.0,1125.0,116.0,0.0,0.0,21.461,,,0.0,True,completed
249,972.0,1126.0,154.0,0.0,0.0,10.592,,,0.0,True,completed
228,920.0,1129.0,209.0,0.0,0.0,11.773,,,0.0,True,completed
237,934.0,1130.0,196.0,0.0,0.0,13.13,,,0.0,True,completed
271,1030.0,1130.0,100.0,0.0,0.0,6.347,,,0.0,True,completed
243,950.0,1133.0,183.0,5.0,5.0,19.182,,,0.0273,True,completed
222,897.0,1139.0,242.0,0.0,0.0,16.808,,,0.0,True,completed
269,1027.0,1139.0,112.0,0.0,0.0,5.281,,,0.0,True,completed
296,1093.0,1145.0,52.0,0.0,0.0,3.815,,,0.0,True,completed
262,1009.0,1147.0,138.0,0.0,0.0,9.058,,,0.0,True,completed
282,1057.0,1149.0,92.0,0.0,0.0,6.391,,,0.0,True,completed
229,922.0,1153.0,231.0,0.0,0.0,13.426,,,0.0,True,completed
275,1043.0,1160.0,117.0,0.0,0.0,7.781,,,0.0,True,completed
260,1008.0,1163.0,155.0,0.0,0.0,12.996,,,0.0,True,completed
277,1045.0,1163.0,118.0,0.0,0.0,5.538,,,0.0,True,completed
288,1073.0,1164.0,91.0,10.0,10.0,20.058,,,0.1099,True,completed
272,1032.0,1168.0,136.0,0.0,0.0,8.694,,,0.0,True,completed
268,1024.0,1173.0,149.0,0.0,0.0,9.302,,,0.0,True,completed
251,978.0,1175.0,197.0,0.0,0.0,15.373,,,0.0,True,completed
276,1044.0,1177.0,133.0,0.0,0.0,8.95,,,0.0,True,completed
252,978.0,1182.0,204.0,0.0,0.0,12.336,,,0.0,True,completed
293,1087.0,1188.0,101.0,0.0,0.0,5.255,,,0.0,True,completed
311,1139.0,1191.0,52.0,0.0,0.0,3.697,,,0.0,True,completed
278,1050.0,1195.0,145.0,0.0,0.0,8.996,,,0.0,True,completed
291,1080.0,1197.0,117.0,0.0,0.0,7.956,,,0.0,True,completed
283,1061.0,1201.0,140.0,0.0,0.0,8.864,,,0.0,True,completed
281,1055.0,1207.0,152.0,12.0,12.0,28.2,,,0.0789,True,completed
301,1117.0,1208.0,91.0,0.0,0.0,7.374,,,0.0,True,completed
303,1127.0,1210.0,83.0,0.0,0.0,5.029,,,0.0,True,completed
259,1006.0,1215.0,209.0,0.0,0.0,18.583,,,0.0,True,completed
273,1040.0,1216.0,176.0,0.0,0.0,11.084,,,0.0,True,completed
300,1110.0,1216.0,106.0,0.0,0.0,6.086,,,0.0,True,completed
305,1128.0,1219.0,91.0,0.0,0.0,5.66,,,0.0,True,completed
265,1017.0,1225.0,208.0,0.0,0.0,13.174,,,0.0,True,completed
258,1003.0,1229.0,226.0,0.0,0.0,13.557,,,0.0,True,completed
320,1160.0,1234.0,74.0,0.0,0.0,3.214,,,0.0,True,completed
287,1072.0,1235.0,163.0,0.0,0.0,10.832,,,0.0,True,completed
285,1069.0,1236.0,167.0,0.0,0.0,11.348,,,0.0,True,completed
270,1029.0,1242.0,213.0,0.0,0.0,19.483,,,0.0,True,completed
306,1129.0,1243.0,114.0,0.0,0.0,13.847,,,0.0,True,completed
274,1041.0,1244.0,203.0,0.0,0.0,14.125,,,0.0,True,completed
286,1070.0,1246.0,176.0,0.0,0.0,11.461,,,0.0,True,completed
289,1076.0,1249.0,173.0,0.0,0.0,14.646,,,0.0,True,completed
294,1087.0,1250.0,163.0,0.0,0.0,8.825,,,0.0,True,completed
299,1103.0,1250.0,147.0,0.0,0.0,7.363,,,0.0,True,completed
298,1096.0,1251.0,155.0,5.0,5.0,18.452,,,0.0323,True,completed
254,991.0,1255.0,264.0,0.0,0.0,19.534,,,0.0,True,completed
290,1078.0,1259.0,181.0,0.0,0.0,14.296,,,0.0,True,completed
315,1151.0,1259.0,108.0,4.0,4.0,13.653,,,0.037,True,completed
279,1054.0,1262.0,208.0,0.0,0.0,13.1,,,0.0,True,completed
331,1185.0,1269.0,84.0,0.0,0.0,4.747,,,0.0,True,completed
292,1081.0,1270.0,189.0,0.0,0.0,15.829,,,0.0,True,completed
295,1087.0,1274.0,187.0,0.0,3.0,19.327,,,0.016,True,completed
304,1127.0,1276.0,149.0,0.0,0.0,12.073,,,0.0,True,completed
307,1131.0,1276.0,145.0,0.0,0.0,8.462,,,0.0,True,completed
297,1096.0,1282.0,186.0,9.0,9.0,21.428,,,0.0484,True,completed
340,1204.0,1282.0,78.0,0.0,0.0,4.07,,,0.0,True,completed
342,1205.0,1290.0,85.0,0.0,0.0,6.147,,,0.0,True,completed
321,1160.0,1293.0,133.0,0.0,0.0,9.9,,,0.0,True,completed
322,1161.0,1293.0,132.0,0.0,0.0,10.325,,,0.0,True,completed
312,1144.0,1298.0,154.0,0.0,0.0,10.257,,,0.0,True,completed
356,1240.0,1299.0,59.0,0.0,0.0,4.416,,,0.0,True,completed
302,1125.0,1300.0,175.0,0.0,0.0,10.442,,,0.0,True,completed
313,1146.0,1305.0,159.0,0.0,0.0,10.75,,,0.0,True,completed
345,1214.0,1306.0,92.0,0.0,0.0,6.104,,,0.0,True,completed
318,1158.0,1308.0,150.0,0.0,0.0,14.746,,,0.0,True,completed
308,1131.0,1318.0,187.0,0.0,10.0,23.843,,,0.0535,True,completed
336,1198.0,1321.0,123.0,0.0,0.0,6.738,,,0.0,True,completed
347,1218.0,1323.0,105.0,0.0,0.0,8.402,,,0.0,True,completed
309,1133.0,1324.0,191.0,0.0,0.0,10.653,,,0.0,True,completed
317,1153.0,1329.0,176.0,0.0,0.0,12.532,,,0.0,True,completed
326,1176.0,1332.0,156.0,0.0,0.0,10.328,,,0.0,True,completed
327,1178.0,1332.0,154.0,0.0,0.0,11.869,,,0.0,True,completed
319,1159.0,1333.0,174.0,0.0,20.0,33.283,,,0.1149,True,completed
314,1146.0,1334.0,188.0,0.0,0.0,10.155,,,0.0,True,completed
334,1194.0,1338.0,144.0,0.0,0.0,9.792,,,0.0,True,completed
337,1199.0,1339.0,140.0,0.0,0.0,7.959,,,0.0,True,completed
284,1068.0,1340.0,272.0,0.0,0.0,23.091,,,0.0,True,completed
341,1206.0,1344.0,138.0,0.0,2.0,12.746,,,0.0145,True,completed
361,1254.0,1345.0,91.0,0.0,0.0,5.711,,,0.0,True,completed
316,1152.0,1348.0,196.0,17.0,17.0,29.882,,,0.0867,True,completed
338,1199.0,1353.0,154.0,0.0,0.0,14.31,,,0.0,True,completed
370,1275.0,1353.0,78.0,0.0,0.0,4.716,,,0.0,True,completed
325,1176.0,1356.0,180.0,0.0,6.0,21.758,,,0.0333,True,completed
328,1179.0,1357.0,178.0,0.0,0.0,17.005,,,0.0,True,completed
310,1134.0,1358.0,224.0,0.0,0.0,15.127,,,0.0,True,completed
362,1259.0,1358.0,99.0,0.0,0.0,9.689,,,0.0,True,completed
344,1214.0,1361.0,147.0,0.0,0.0,8.903,,,0.0,True,completed
330,1183.0,1363.0,180.0,0.0,0.0,13.125,,,0.0,True,completed
372,1277.0,1365.0,88.0,1.0,1.0,8.948,,,0.0114,True,completed
390,1312.0,1365.0,53.0,0.0,0.0,3.796,,,0.0,True,completed
353,1228.0,1367.0,139.0,0.0,0.0,7.826,,,0.0,True,completed
360,1249.0,1369.0,120.0,0.0,0.0,5.843,,,0.0,True,completed
329,1181.0,1373.0,192.0,0.0,0.0,12.124,,,0.0,True,completed
355,1230.0,1374.0,144.0,2.0,2.0,13.575,,,0.0139,True,completed
365,1265.0,1376.0,111.0,0.0,0.0,14.597,,,0.0,True,completed
385,1298.0,1380.0,82.0,0.0,0.0,4.927,,,0.0,True,completed
324,1165.0,1384.0,219.0,1.0,1.0,17.759,,,0.0046,True,completed
339,1204.0,1384.0,180.0,3.0,3.0,19.205,,,0.0167,True,completed
352,1226.0,1384.0,158.0,5.0,5.0,18.419,,,0.0316,True,completed
333,1193.0,1388.0,195.0,0.0,6.0,22.035,,,0.0308,True,completed
335,1196.0,1391.0,195.0,0.0,0.0,16.216,,,0.0,True,completed
346,1216.0,1391.0,175.0,16.0,16.0,28.561,,,0.0914,True,completed
332,1188.0,1393.0,205.0,0.0,0.0,18.684,,,0.0,True,completed
376,1287.0,1396.0,109.0,1.0,1.0,11.011,,,0.0092,True,completed
357,1243.0,1399.0,156.0,0.0,0.0,14.596,,,0.0,True,completed
358,1244.0,1401.0,157.0,0.0,0.0,8.187,,,0.0,True,completed
384,1297.0,1401.0,104.0,0.0,0.0,5.335,,,0.0,True,completed
351,1224.0,1402.0,178.0,0.0,0.0,12.026,,,0.0,True,completed
366,1270.0,1402.0,132.0,0.0,0.0,10.127,,,0.0,True,completed
343,1211.0,1404.0,193.0,10.0,10.0,24.872,,,0.0518,True,completed
407,1346.0,1412.0,66.0,0.0,0.0,4.872,,,0.0,True,completed
354,1229.0,1414.0,185.0,5.0,5.0,21.973,,,0.027,True,completed
359,1248.0,1414.0,166.0,0.0,0.0,11.108,,,0.0,True,completed
404,1337.0,1415.0,78.0,0.0,0.0,4.879,,,0.0,True,completed
381,1292.0,1417.0,125.0,0.0,0.0,14.726,,,0.0,True,completed
348,1219.0,1420.0,201.0,0.0,0.0,11.055,,,0.0,True,completed
408,1347.0,1431.0,84.0,0.0,0.0,6.446,,,0.0,True,completed
371,1276.0,1435.0,159.0,2.0,2.0,14.937,,,0.0126,True,completed
323,1163.0,1438.0,275.0,0.0,26.0,46.976,,,0.0945,True,completed
383,1294.0,1438.0,144.0,0.0,0.0,27.552,,,0.0,True,completed
401,1329.0,1441.0,112.0,0.0,0.0,6.638,,,0.0,True,completed
349,1219.0,1444.0,225.0,0.0,0.0,15.17,,,0.0,True,completed
400,1327.0,1445.0,118.0,0.0,0.0,7.083,,,0.0,True,completed
414,1360.0,1445.0,85.0,0.0,0.0,6.509,,,0.0,True,completed
350,1220.0,1446.0,226.0,0.0,0.0,13.639,,,0.0,True,completed
395,1322.0,1446.0,124.0,0.0,0.0,5.671,,,0.0,True,completed
394,1320.0,1447.0,127.0,0.0,0.0,14.729,,,0.0,True,completed
386,1306.0,1449.0,143.0,0.0,0.0,9.585,,,0.0,True,completed
410,1350.0,1453.0,103.0,0.0,0.0,5.002,,,0.0,True,completed
369,1273.0,1457.0,184.0,0.0,0.0,24.714,,,0.0,True,completed
367,1272.0,1458.0,186.0,0.0,9.0,26.246,,,0.0484,True,completed
388,1310.0,1458.0,148.0,0.0,0.0,12.695,,,0.0,True,completed
413,1351.0,1458.0,107.0,0.0,0.0,9.243,,,0.0,True,completed
379,1289.0,1460.0,171.0,0.0,0.0,10.97,,,0.0,True,completed
382,1291.0,1461.0,170.0,0.0,0.0,12.191,,,0.0,True,completed
364,1262.0,1464.0,202.0,0.0,0.0,13.009,,,0.0,True,completed
419,1383.0,1465.0,82.0,0.0,0.0,5.87,,,0.0,True,completed
433,1410.0,1465.0,55.0,0.0,0.0,4.413,,,0.0,True,completed
373,1277.0,1469.0,192.0,0.0,0.0,13.67,,,0.0,True,completed
375,1286.0,1469.0,183.0,1.0,1.0,16.813,,,0.0055,True,completed
391,1313.0,1469.0,156.0,0.0,0.0,10.039,,,0.0,True,completed
418,1375.0,1469.0,94.0,0.0,0.0,5.923,,,0.0,True,completed
374,1281.0,1471.0,190.0,0.0,1.0,15.965,,,0.0053,True,completed
368,1272.0,1473.0,201.0,0.0,0.0,11.358,,,0.0,True,completed
417,1373.0,1476.0,103.0,0.0,0.0,5.497,,,0.0,True,completed
377,1288.0,1478.0,190.0,1.0,1.0,14.635,,,0.0053,True,completed
363,1260.0,1484.0,224.0,0.0,0.0,15.083,,,0.0,True,completed
378,1289.0,1486.0,197.0,4.0,4.0,22.084,,,0.0203,True,completed
399,1325.0,1490.0,165.0,0.0,0.0,13.561,,,0.0,True,completed
416,1365.0,1491.0,126.0,0.0,0.0,6.403,,,0.0,True,completed
380,1290.0,1495.0,205.0,0.0,0.0,15.396,,,0.0,True,completed
393,1319.0,1497.0,178.0,0.0,0.0,33.646,,,0.0,True,completed
392,1315.0,1498.0,183.0,0.0,4.0,20.523,,,0.0219,True,completed
387,1307.0,1501.0,194.0,0.0,0.0,13.885,,,0.0,True,completed
396,1322.0,1502.0,180.0,2.0,2.0,16.082,,,0.0111,True,completed
422,1386.0,1504.0,118.0,0.0,0.0,6.432,,,0.0,True,completed
431,1400.0,1504.0,104.0,0.0,0.0,7.774,,,0.0,True,completed
411,1350.0,1505.0,155.0,3.0,3.0,18.528,,,0.0194,True,completed
429,1395.0,1509.0,114.0,0.0,0.0,26.006,,,0.0,True,completed
420,1384.0,1510.0,126.0,0.0,0.0,10.863,,,0.0,True,completed
412,1352.0,1513.0,161.0,4.0,4.0,22.702,,,0.0248,True,completed
397,1322.0,1517.0,195.0,0.0,6.0,26.392,,,0.0308,True,completed
403,1333.0,1517.0,184.0,0.0,0.0,11.598,,,0.0,True,completed
398,1323.0,1518.0,195.0,0.0,3.0,23.729,,,0.0154,True,completed
454,1454.0,1521.0,67.0,0.0,0.0,5.803,,,0.0,True,completed
409,1348.0,1522.0,174.0,0.0,0.0,11.148,,,0.0,True,completed
464,1477.0,1525.0,48.0,0.0,0.0,3.776,,,0.0,True,completed
406,1344.0,1527.0,183.0,5.0,26.0,43.546,,,0.1421,True,completed
402,1329.0,1529.0,200.0,0.0,0.0,14.537,,,0.0,True,completed
389,1311.0,1530.0,219.0,0.0,0.0,14.246,,,0.0,True,completed
424,1388.0,1530.0,142.0,0.0,0.0,9.592,,,0.0,True,completed
461,1472.0,1534.0,62.0,0.0,0.0,4.397,,,0.0,True,completed
452,1453.0,1540.0,87.0,0.0,0.0,6.649,,,0.0,True,completed
421,1385.0,1548.0,163.0,0.0,0.0,10.473,,,0.0,True,completed
437,1417.0,1555.0,138.0,0.0,0.0,8.648,,,0.0,True,completed
435,1415.0,1556.0,141.0,0.0,3.0,14.973,,,0.0213,True,completed
423,1387.0,1558.0,171.0,0.0,0.0,11.049,,,0.0,True,completed
442,1431.0,1559.0,128.0,0.0,0.0,8.272,,,0.0,True,completed
462,1473.0,1559.0,86.0,0.0,0.0,5.134,,,0.0,True,completed
415,1364.0,1561.0,197.0,4.0,4.0,21.208,,,0.0203,True,completed
465,1478.0,1562.0,84.0,0.0,0.0,7.088,,,0.0,True,completed
438,1417.0,1564.0,147.0,0.0,0.0,8.75,,,0.0,True,completed
432,1402.0,1565.0,163.0,0.0,0.0,9.484,,,0.0,True,completed
468,1486.0,1571.0,85.0,0.0,0.0,8.456,,,0.0,True,completed
443,1436.0,1573.0,137.0,0.0,0.0,6.126,,,0.0,True,completed
405,1343.0,1574.0,231.0,5.0,8.0,32.595,,,0.0346,True,completed
430,1396.0,1574.0,178.0,0.0,19.0,35.297,,,0.1067,True,completed
486,1505.0,1574.0,69.0,0.0,0.0,5.496,,,0.0,True,completed
428,1394.0,1577.0,183.0,1.0,1.0,15.677,,,0.0055,True,completed
449,1447.0,1581.0,134.0,0.0,0.0,13.847,,,0.0,True,completed
426,1393.0,1584.0,191.0,0.0,0.0,11.672,,,0.0,True,completed
427,1393.0,1584.0,191.0,0.0,0.0,11.21,,,0.0,True,completed
441,1431.0,1586.0,155.0,0.0,0.0,10.62,,,0.0,True,completed
505,1538.0,1595.0,57.0,0.0,0.0,3.054,,,0.0,True,completed
434,1412.0,1603.0,191.0,0.0,0.0,15.828,,,0.0,True,completed
474,1492.0,1603.0,111.0,0.0,0.0,6.807,,,0.0,True,completed
453,1453.0,1604.0,151.0,0.0,0.0,13.631,,,0.0,True,completed
439,1421.0,1607.0,186.0,0.0,0.0,12.29,,,0.0,True,completed
518,1554.0,1609.0,55.0,0.0,0.0,4.03,,,0.0,True,completed
481,1500.0,1610.0,110.0,0.0,0.0,6.286,,,0.0,True,completed
480,1500.0,1612.0,112.0,0.0,0.0,6.52,,,0.0,True,completed
504,1537.0,1614.0,77.0,0.0,0.0,4.715,,,0.0,True,completed
446,1442.0,1615.0,173.0,0.0,0.0,15.937,,,0.0,True,completed
498,1530.0,1616.0,86.0,0.0,0.0,16.318,,,0.0,True,completed
456,1458.0,1617.0,159.0,0.0,0.0,10.912,,,0.0,True,completed
463,1474.0,1617.0,143.0,0.0,0.0,26.408,,,0.0,True,completed
444,1438.0,1618.0,180.0,0.0,0.0,13.555,,,0.0,True,completed
447,1443.0,1618.0,175.0,25.0,25.0,39.763,,,0.1429,True,completed
457,1462.0,1618.0,156.0,0.0,0.0,10.018,,,0.0,True,completed
506,1539.0,1625.0,86.0,0.0,0.0,5.564,,,0.0,True,completed
479,1499.0,1626.0,127.0,0.0,0.0,12.011,,,0.0,True,completed
466,1483.0,1629.0,146.0,0.0,0.0,9.275,,,0.0,True,completed
482,1501.0,1633.0,132.0,0.0,0.0,8.141,,,0.0,True,completed
467,1485.0,1639.0,154.0,0.0,0.0,18.454,,,0.0,True,completed
476,1494.0,1641.0,147.0,0.0,0.0,10.711,,,0.0,True,completed
436,1415.0,1644.0,229.0,0.0,0.0,15.112,,,0.0,True,completed
448,1447.0,1644.0,197.0,0.0,0.0,12.539,,,0.0,True,completed
451,1451.0,1645.0,194.0,0.0,0.0,12.577,,,0.0,True,completed
525,1561.0,1646.0,85.0,0.0,0.0,7.623,,,0.0,True,completed
493,1518.0,1650.0,132.0,0.0,2.0,13.052,,,0.0152,True,completed
455,1457.0,1652.0,195.0,0.0,0.0,12.979,,,0.0,True,completed
460,1469.0,1652.0,183.0,0.0,0.0,15.831,,,0.0,True,completed
487,1507.0,1652.0,145.0,0.0,0.0,17.028,,,0.0,True,completed
445,1441.0,1653.0,212.0,28.0,28.0,46.283,,,0.1321,True,completed
425,1392.0,1654.0,262.0,0.0,0.0,17.341,,,0.0,True,completed
472,1488.0,1654.0,166.0,0.0,0.0,10.212,,,0.0,True,completed
510,1541.0,1655.0,114.0,0.0,0.0,8.788,,,0.0,True,completed
514,1548.0,1657.0,109.0,1.0,1.0,9.703,,,0.0092,True,completed
492,1513.0,1660.0,147.0,0.0,0.0,8.178,,,0.0,True,completed
527,1566.0,1662.0,96.0,5.0,5.0,16.112,,,0.0521,True,completed
450,1448.0,1663.0,215.0,0.0,0.0,12.799,,,0.0,True,completed
488,1507.0,1665.0,158.0,0.0,0.0,9.231,,,0.0,True,completed
530,1571.0,1665.0,94.0,0.0,0.0,4.763,,,0.0,True,completed
485,1504.0,1666.0,162.0,0.0,1.0,13.263,,,0.0062,True,completed
477,1495.0,1667.0,172.0,0.0,0.0,9.792,,,0.0,True,completed
483,1502.0,1675.0,173.0,0.0,0.0,10.529,,,0.0,True,completed
499,1531.0,1677.0,146.0,0.0,0.0,17.212,,,0.0,True,completed
523,1559.0,1677.0,118.0,0.0,0.0,8.609,,,0.0,True,completed
491,1513.0,1678.0,165.0,0.0,0.0,10.332,,,0.0,True,completed
509,1541.0,1678.0,137.0,0.0,0.0,16.696,,,0.0,True,completed
484,1503.0,1679.0,176.0,0.0,0.0,11.826,,,0.0,True,completed
512,1546.0,1679.0,133.0,0.0,0.0,8.891,,,0.0,True,completed
524,1560.0,1679.0,119.0,0.0,0.0,7.183,,,0.0,True,completed
526,1562.0,1679.0,117.0,0.0,0.0,9.284,,,0.0,True,completed
528,1566.0,1679.0,113.0,0.0,0.0,6.865,,,0.0,True,completed
496,1526.0,1681.0,155.0,0.0,0.0,9.354,,,0.0,True,completed
546,1593.0,1681.0,88.0,0.0,0.0,5.121,,,0.0,True,completed
469,1486.0,1687.0,201.0,1.0,1.0,18.422,,,0.005,True,completed
552,1602.0,1687.0,85.0,0.0,0.0,6.514,,,0.0,True,completed
440,1428.0,1689.0,261.0,0.0,0.0,19.891,,,0.0,True,completed
515,1549.0,1691.0,142.0,0.0,10.0,23.697,,,0.0704,True,completed
508,1541.0,1695.0,154.0,0.0,0.0,24.246,,,0.0,True,completed
500,1533.0,1697.0,164.0,0.0,0.0,12.489,,,0.0,True,completed
495,1524.0,1699.0,175.0,0.0,1.0,16.326,,,0.0057,True,completed
555,1603.0,1704.0,101.0,0.0,0.0,6.523,,,0.0,True,completed
459,1468.0,1705.0,237.0,0.0,9.0,30.229,,,0.038,True,completed
471,1487.0,1706.0,219.0,0.0,0.0,17.557,,,0.0,True,completed
473,1491.0,1711.0,220.0,0.0,0.0,35.633,,,0.0,True,completed
521,1556.0,1711.0,155.0,0.0,0.0,9.353,,,0.0,True,completed
507,1540.0,1713.0,173.0,1.0,1.0,19.826,,,0.0058,True,completed
585,1656.0,1714.0,58.0,0.0,0.0,3.406,,,0.0,True,completed
513,1547.0,1715.0,168.0,0.0,0.0,17.731,,,0.0,True,completed
503,1535.0,1716.0,181.0,0.0,0.0,13.527,,,0.0,True,completed
538,1582.0,1716.0,134.0,5.0,7.0,19.279,,,0.0522,True,completed
490,1510.0,1718.0,208.0,0.0,0.0,34.172,,,0.0,True,completed
539,1586.0,1719.0,133.0,0.0,0.0,11.34,,,0.0,True,completed
532,1572.0,1720.0,148.0,0.0,0.0,8.693,,,0.0,True,completed
550,1601.0,1720.0,119.0,0.0,0.0,7.063,,,0.0,True,completed
502,1534.0,1721.0,187.0,0.0,0.0,11.832,,,0.0,True,completed
475,1493.0,1723.0,230.0,8.0,16.0,32.816,,,0.0696,True,completed
543,1591.0,1723.0,132.0,0.0,0.0,11.8,,,0.0,True,completed
489,1508.0,1725.0,217.0,0.0,0.0,17.233,,,0.0,True,completed
541,1590.0,1725.0,135.0,4.0,4.0,14.352,,,0.0296,True,completed
478,1497.0,1733.0,236.0,1.0,1.0,21.514,,,0.0042,True,completed
470,1486.0,1736.0,250.0,0.0,0.0,42.633,,,0.0,True,completed
517,1551.0,1738.0,187.0,0.0,0.0,14.05,,,0.0,True,completed
577,1650.0,1738.0,88.0,0.0,0.0,6.618,,,0.0,True,completed
529,1567.0,1740.0,173.0,0.0,0.0,9.391,,,0.0,True,completed
553,1603.0,1740.0,137.0,0.0,0.0,10.357,,,0.0,True,completed
561,1612.0,1740.0,128.0,1.0,1.0,15.1,,,0.0078,True,completed
590,1659.0,1740.0,81.0,0.0,0.0,4.656,,,0.0,True,completed
516,1550.0,1742.0,192.0,0.0,0.0,15.297,,,0.0,True,completed
534,1576.0,1744.0,168.0,0.0,0.0,11.835,,,0.0,True,completed
557,1607.0,1745.0,138.0,4.0,7.0,27.578,,,0.0507,True,completed
594,1663.0,1745.0,82.0,0.0,0.0,4.351,,,0.0,True,completed
531,1571.0,1746.0,175.0,0.0,1.0,16.765,,,0.0057,True,completed
560,1609.0,1749.0,140.0,10.0,10.0,20.618,,,0.0714,True,completed
566,1625.0,1749.0,124.0,0.0,0.0,8.544,,,0.0,True,completed
615,1691.0,1749.0,58.0,0.0,0.0,4.606,,,0.0,True,completed
494,1523.0,1750.0,227.0,0.0,0.0,44.541,,,0.0,True,completed
519,1555.0,1752.0,197.0,0.0,1.0,18.044,,,0.0051,True,completed
501,1534.0,1755.0,221.0,0.0,0.0,16.273,,,0.0,True,completed
545,1593.0,1755.0,162.0,0.0,0.0,32.145,,,0.0,True,completed
562,1612.0,1756.0,144.0,0.0,0.0,8.42,,,0.0,True,completed
570,1633.0,1758.0,125.0,0.0,0.0,38.731,,,0.0,True,completed
520,1556.0,1760.0,204.0,5.0,5.0,20.966,,,0.0245,True,completed
458,1467.0,1761.0,294.0,0.0,0.0,23.328,,,0.0,True,completed
536,1579.0,1761.0,182.0,0.0,0.0,11.723,,,0.0,True,completed
533,1575.0,1763.0,188.0,10.0,10.0,27.065,,,0.0532,True,completed
542,1590.0,1765.0,175.0,0.0,0.0,15.121,,,0.0,True,completed
554,1604.0,1766.0,162.0,0.0,0.0,11.667,,,0.0,True,completed
568,1631.0,1766.0,135.0,0.0,0.0,9.506,,,0.0,True,completed
612,1686.0,1773.0,87.0,0.0,0.0,8.178,,,0.0,True,completed
579,1651.0,1775.0,124.0,0.0,0.0,8.659,,,0.0,True,completed
556,1605.0,1778.0,173.0,0.0,0.0,11.604,,,0.0,True,completed
551,1602.0,1779.0,177.0,4.0,4.0,24.273,,,0.0226,True,completed
623,1701.0,1779.0,78.0,0.0,0.0,5.608,,,0.0,True,completed
596,1665.0,1784.0,119.0,0.0,0.0,7.414,,,0.0,True,completed
563,1613.0,1785.0,172.0,0.0,0.0,12.967,,,0.0,True,completed
540,1588.0,1786.0,198.0,0.0,0.0,13.613,,,0.0,True,completed
558,1607.0,1787.0,180.0,0.0,1.0,15.897,,,0.0056,True,completed
611,1685.0,1787.0,102.0,0.0,0.0,6.418,,,0.0,True,completed
497,1528.0,1788.0,260.0,0.0,1.0,27.181,,,0.0038,True,completed
511,1545.0,1791.0,246.0,0.0,0.0,31.907,,,0.0,True,completed
564,1615.0,1791.0,176.0,1.0,1.0,14.354,,,0.0057,True,completed
626,1708.0,1792.0,84.0,0.0,0.0,7.433,,,0.0,True,completed
522,1557.0,1796.0,239.0,0.0,3.0,20.619,,,0.0126,True,completed
559,1607.0,1796.0,189.0,0.0,0.0,17.855,,,0.0,True,completed
593,1662.0,1797.0,135.0,0.0,0.0,7.629,,,0.0,True,completed
645,1730.0,1800.0,70.0,0.0,0.0,5.551,,,0.0,True,completed
587,1658.0,1801.0,143.0,0.0,0.0,9.542,,,0.0,True,completed
598,1668.0,1801.0,133.0,1.0,1.0,10.916,,,0.0075,True,completed
634,1716.0,1801.0,85.0,0.0,0.0,6.494,,,0.0,True,completed
571,1633.0,1803.0,170.0,1.0,1.0,13.381,,,0.0059,True,completed
607,1682.0,1804.0,122.0,0.0,0.0,9.211,,,0.0,True,completed
628,1711.0,1804.0,93.0,0.0,0.0,8.16,,,0.0,True,completed
638,1726.0,1808.0,82.0,0.0,0.0,6.191,,,0.0,True,completed
586,1658.0,1809.0,151.0,4.0,5.0,26.381,,,0.0331,True,completed
580,1653.0,1810.0,157.0,2.0,2.0,14.635,,,0.0127,True,completed
664,1755.0,1810.0,55.0,0.0,0.0,3.169,,,0.0,True,completed
605,1681.0,1811.0,130.0,2.0,2.0,12.652,,,0.0154,True,completed
548,1597.0,1812.0,215.0,6.0,54.0,76.368,,,0.2512,True,completed
646,1732.0,1814.0,82.0,0.0,0.0,5.329,,,0.0,True,completed
625,1707.0,1815.0,108.0,0.0,0.0,10.406,,,0.0,True,completed
549,1601.0,1816.0,215.0,0.0,1.0,18.011,,,0.0047,True,completed
544,1592.0,1817.0,225.0,0.0,11.0,38.733,,,0.0489,True,completed
572,1635.0,1817.0,182.0,0.0,10.0,30.778,,,0.0549,True,completed
589,1659.0,1818.0,159.0,0.0,0.0,14.473,,,0.0,True,completed
631,1712.0,1821.0,109.0,0.0,0.0,6.361,,,0.0,True,completed
620,1699.0,1823.0,124.0,0.0,0.0,9.75,,,0.0,True,completed
619,1697.0,1824.0,127.0,0.0,0.0,8.321,,,0.0,True,completed
535,1578.0,1826.0,248.0,0.0,7.0,28.974,,,0.0282,True,completed
565,1616.0,1829.0,213.0,2.0,2.0,21.004,,,0.0094,True,completed
547,1595.0,1832.0,237.0,17.0,18.0,48.232,,,0.0759,True,completed
633,1713.0,1832.0,119.0,3.0,3.0,13.912,,,0.0252,True,completed
601,1675.0,1833.0,158.0,0.0,0.0,22.139,,,0.0,True,completed
602,1676.0,1834.0,158.0,0.0,6.0,28.797,,,0.038,True,completed
569,1633.0,1835.0,202.0,0.0,0.0,14.791,,,0.0,True,completed
691,1784.0,1836.0,52.0,0.0,0.0,2.795,,,0.0,True,completed
613,1687.0,1837.0,150.0,0.0,0.0,9.976,,,0.0,True,completed
537,1581.0,1838.0,257.0,7.0,7.0,34.572,,,0.0272,True,completed
629,1711.0,1839.0,128.0,0.0,0.0,9.44,,,0.0,True,completed
591,1661.0,1841.0,180.0,4.0,6.0,27.449,,,0.0333,True,completed
588,1659.0,1844.0,185.0,0.0,0.0,14.358,,,0.0,True,completed
576,1649.0,1845.0,196.0,0.0,0.0,10.398,,,0.0,True,completed
670,1763.0,1845.0,82.0,0.0,0.0,7.107,,,0.0,True,completed
583,1654.0,1846.0,192.0,0.0,0.0,15.915,,,0.0,True,completed
622,1699.0,1846.0,147.0,0.0,0.0,15.558,,,0.0,True,completed
614,1690.0,1849.0,159.0,0.0,0.0,16.855,,,0.0,True,completed
603,1678.0,1850.0,172.0,0.0,0.0,10.428,,,0.0,True,completed
595,1665.0,1851.0,186.0,0.0,0.0,16.602,,,0.0,True,completed
609,1683.0,1854.0,171.0,4.0,4.0,19.085,,,0.0234,True,completed
718,1805.0,1855.0,50.0,0.0,0.0,2.551,,,0.0,True,completed
575,1649.0,1856.0,207.0,0.0,0.0,12.752,,,0.0,True,completed
578,1651.0,1857.0,206.0,0.0,0.0,15.111,,,0.0,True,completed
592,1662.0,1859.0,197.0,1.0,1.0,24.654,,,0.0051,True,completed
610,1683.0,1859.0,176.0,5.0,5.0,22.563,,,0.0284,True,completed
617,1694.0,1859.0,165.0,3.0,3.0,19.066,,,0.0182,True,completed
652,1738.0,1859.0,121.0,0.0,0.0,11.341,,,0.0,True,completed
680,1774.0,1859.0,85.0,0.0,0.0,5.628,,,0.0,True,completed
687,1782.0,1859.0,77.0,0.0,0.0,3.59,,,0.0,True,completed
584,1655.0,1861.0,206.0,0.0,0.0,12.354,,,0.0,True,completed
582,1653.0,1862.0,209.0,0.0,16.0,34.983,,,0.0766,True,completed
581,1653.0,1863.0,210.0,1.0,1.0,17.375,,,0.0048,True,completed
624,1706.0,1863.0,157.0,0.0,0.0,9.401,,,0.0,True,completed
641,1727.0,1863.0,136.0,0.0,0.0,8.313,,,0.0,True,completed
573,1639.0,1866.0,227.0,2.0,2.0,25.138,,,0.0088,True,completed
636,1720.0,1866.0,146.0,0.0,0.0,13.727,,,0.0,True,completed
608,1682.0,1868.0,186.0,0.0,0.0,11.877,,,0.0,True,completed
618,1696.0,1869.0,173.0,0.0,0.0,10.18,,,0.0,True,completed
627,1709.0,1869.0,160.0,0.0,0.0,11.586,,,0.0,True,completed
635,1718.0,1869.0,151.0,0.0,0.0,7.93,,,0.0,True,completed
637,1723.0,1869.0,146.0,0.0,0.0,9.086,,,0.0,True,completed
567,1628.0,1870.0,242.0,0.0,13.0,40.015,,,0.0537,True,completed
683,1778.0,1870.0,92.0,0.0,0.0,9.193,,,0.0,True,completed
621,1699.0,1871.0,172.0,0.0,0.0,13.071,,,0.0,True,completed
721,1807.0,1874.0,67.0,2.0,2.0,9.816,,,0.0299,True,completed
600,1672.0,1876.0,204.0,0.0,0.0,15.325,,,0.0,True,completed
667,1760.0,1876.0,116.0,4.0,4.0,15.233,,,0.0345,True,completed
606,1682.0,1877.0,195.0,0.0,2.0,24.233,,,0.0103,True,completed
616,1694.0,1878.0,184.0,10.0,10.0,24.203,,,0.0543,True,completed
647,1732.0,1881.0,149.0,0.0,0.0,9.377,,,0.0,True,completed
657,1744.0,1884.0,140.0,0.0,0.0,10.993,,,0.0,True,completed
597,1668.0,1886.0,218.0,0.0,0.0,14.757,,,0.0,True,completed
651,1736.0,1886.0,150.0,2.0,2.0,17.784,,,0.0133,True,completed
690,1784.0,1886.0,102.0,2.0,2.0,11.874,,,0.0196,True,completed
715,1805.0,1886.0,81.0,0.0,0.0,10.214,,,0.0,True,completed
604,1681.0,1891.0,210.0,0.0,8.0,30.155,,,0.0381,True,completed
700,1793.0,1891.0,98.0,10.0,10.0,19.935,,,0.102,True,completed
720,1806.0,1891.0,85.0,0.0,0.0,6.959,,,0.0,True,completed
731,1816.0,1891.0,75.0,1.0,1.0,12.761,,,0.0133,True,completed
666,1758.0,1893.0,135.0,0.0,0.0,7.333,,,0.0,True,completed
688,1783.0,1895.0,112.0,0.0,0.0,12.058,,,0.0,True,completed
723,1808.0,1896.0,88.0,4.0,4.0,12.223,,,0.0455,True,completed
682,1776.0,1899.0,123.0,0.0,0.0,11.007,,,0.0,True,completed
665,1756.0,1900.0,144.0,0.0,0.0,8.419,,,0.0,True,completed
599,1669.0,1901.0,232.0,0.0,0.0,16.269,,,0.0,True,completed
766,1848.0,1904.0,56.0,0.0,0.0,3.035,,,0.0,True,completed
773,1853.0,1904.0,51.0,0.0,0.0,4.211,,,0.0,True,completed
639,1726.0,1906.0,180.0,1.0,1.0,14.596,,,0.0056,True,completed
663,1754.0,1906.0,152.0,1.0,13.0,38.388,,,0.0855,True,completed
722,1807.0,1908.0,101.0,0.0,0.0,10.848,,,0.0,True,completed
574,1648.0,1909.0,261.0,0.0,0.0,21.255,,,0.0,True,completed
685,1780.0,1910.0,130.0,0.0,0.0,7.128,,,0.0,True,completed
640,1727.0,1911.0,184.0,0.0,0.0,13.295,,,0.0,True,completed
708,1802.0,1912.0,110.0,0.0,0.0,11.729,,,0.0,True,completed
661,1750.0,1913.0,163.0,0.0,0.0,12.696,,,0.0,True,completed
668,1761.0,1914.0,153.0,0.0,0.0,10.021,,,0.0,True,completed
724,1810.0,1914.0,104.0,0.0,0.0,6.747,,,0.0,True,completed
707,1799.0,1915.0,116.0,0.0,0.0,7.691,,,0.0,True,completed
713,1803.0,1915.0,112.0,0.0,0.0,11.967,,,0.0,True,completed
689,1783.0,1916.0,133.0,0.0,1.0,21.841,,,0.0075,True,completed
662,1754.0,1917.0,163.0,0.0,0.0,10.85,,,0.0,True,completed
679,1773.0,1920.0,147.0,0.0,0.0,9.774,,,0.0,True,completed
642,1729.0,1921.0,192.0,0.0,0.0,19.242,,,0.0,True,completed
655,1742.0,1921.0,179.0,0.0,0.0,16.414,,,0.0,True,completed
737,1819.0,1921.0,102.0,0.0,0.0,5.697,,,0.0,True,completed
675,1770.0,1924.0,154.0,0.0,0.0,16.788,,,0.0,True,completed
744,1826.0,1924.0,98.0,1.0,1.0,9.286,,,0.0102,True,completed
767,1849.0,1924.0,75.0,0.0,0.0,3.988,,,0.0,True,completed
738,1820.0,1928.0,108.0,0.0,0.0,7.688,,,0.0,True,completed
763,1844.0,1928.0,84.0,0.0,0.0,6.154,,,0.0,True,completed
660,1748.0,1929.0,181.0,0.0,0.0,17.491,,,0.0,True,completed
696,1788.0,1929.0,141.0,0.0,6.0,18.666,,,0.0426,True,completed
672,1767.0,1930.0,163.0,0.0,0.0,10.517,,,0.0,True,completed
674,1768.0,1931.0,163.0,0.0,0.0,11.694,,,0.0,True,completed
755,1836.0,1931.0,95.0,0.0,0.0,5.808,,,0.0,True,completed
759,1840.0,1931.0,91.0,0.0,0.0,5.583,,,0.0,True,completed
775,1854.0,1932.0,78.0,0.0,0.0,8.565,,,0.0,True,completed
732,1816.0,1933.0,117.0,0.0,0.0,11.868,,,0.0,True,completed
742,1825.0,1935.0,110.0,0.0,0.0,7.423,,,0.0,True,completed
650,1736.0,1936.0,200.0,0.0,0.0,17.204,,,0.0,True,completed
669,1763.0,1936.0,173.0,0.0,0.0,11.616,,,0.0,True,completed
673,1768.0,1937.0,169.0,0.0,0.0,10.697,,,0.0,True,completed
656,1744.0,1941.0,197.0,2.0,2.0,26.056,,,0.0102,True,completed
768,1849.0,1941.0,92.0,1.0,1.0,12.1,,,0.0109,True,completed
653,1738.0,1946.0,208.0,0.0,0.0,22.37,,,0.0,True,completed
729,1815.0,1946.0,131.0,0.0,0.0,7.275,,,0.0,True,completed
648,1734.0,1947.0,213.0,0.0,0.0,17.092,,,0.0,True,completed
677,1772.0,1947.0,175.0,0.0,2.0,17.802,,,0.0114,True,completed
743,1826.0,1947.0,121.0,1.0,1.0,14.288,,,0.0083,True,completed
803,1881.0,1947.0,66.0,0.0,0.0,5.01,,,0.0,True,completed
649,1735.0,1949.0,214.0,0.0,0.0,15.555,,,0.0,True,completed
692,1785.0,1949.0,164.0,0.0,0.0,15.118,,,0.0,True,completed
712,1803.0,1949.0,146.0,0.0,0.0,11.51,,,0.0,True,completed
671,1765.0,1952.0,187.0,2.0,2.0,21.293,,,0.0107,True,completed
676,1772.0,1953.0,181.0,0.0,5.0,37.553,,,0.0276,True,completed
699,1792.0,1953.0,161.0,0.0,0.0,15.038,,,0.0,True,completed
826,1904.0,1955.0,51.0,0.0,0.0,3.329,,,0.0,True,completed
711,1802.0,1956.0,154.0,0.0,0.0,11.884,,,0.0,True,completed
701,1795.0,1957.0,162.0,0.0,0.0,15.944,,,0.0,True,completed
757,1837.0,1957.0,120.0,5.0,5.0,16.289,,,0.0417,True,completed
739,1822.0,1958.0,136.0,0.0,0.0,12.39,,,0.0,True,completed
820,1898.0,1958.0,60.0,0.0,0.0,4.097,,,0.0,True,completed
659,1747.0,1959.0,212.0,0.0,0.0,17.328,,,0.0,True,completed
756,1837.0,1961.0,124.0,23.0,23.0,38.165,,,0.1855,True,completed
754,1835.0,1962.0,127.0,3.0,3.0,15.35,,,0.0236,True,completed
780,1861.0,1962.0,101.0,15.0,15.0,25.021,,,0.1485,True,completed
643,1728.0,1967.0,239.0,0.0,15.0,40.397,,,0.0628,True,completed
678,1773.0,1967.0,194.0,6.0,6.0,30.891,,,0.0309,True,completed
733,1817.0,1967.0,150.0,0.0,0.0,8.558,,,0.0,True,completed
632,1714.0,1969.0,255.0,19.0,20.0,78.494,,,0.0784,True,completed
802,1880.0,1969.0,89.0,0.0,0.0,5.365,,,0.0,True,completed
806,1883.0,1969.0,86.0,0.0,0.0,7.612,,,0.0,True,completed
630,1712.0,1970.0,258.0,19.0,20.0,47.447,,,0.0775,True,completed
697,1789.0,1971.0,182.0,0.0,0.0,16.776,,,0.0,True,completed
706,1800.0,1971.0,171.0,24.0,24.0,37.641,,,0.1404,True,completed
774,1854.0,1971.0,117.0,7.0,7.0,21.681,,,0.0598,True,completed
717,1805.0,1973.0,168.0,0.0,3.0,34.286,,,0.0179,True,completed
684,1779.0,1975.0,196.0,2.0,3.0,22.167,,,0.0153,True,completed
818,1894.0,1975.0,81.0,0.0,0.0,6.688,,,0.0,True,completed
719,1806.0,1977.0,171.0,0.0,0.0,21.627,,,0.0,True,completed
840,1919.0,1977.0,58.0,0.0,0.0,3.613,,,0.0,True,completed
771,1853.0,1978.0,125.0,2.0,2.0,14.067,,,0.016,True,completed
686,1781.0,1979.0,198.0,0.0,0.0,17.115,,,0.0,True,completed
694,1786.0,1980.0,194.0,0.0,3.0,23.945,,,0.0155,True,completed
681,1775.0,1981.0,206.0,1.0,12.0,39.273,,,0.0583,True,completed
704,1798.0,1981.0,183.0,1.0,1.0,15.853,,,0.0055,True,completed
705,1798.0,1981.0,183.0,1.0,4.0,24.13,,,0.0219,True,completed
710,1802.0,1981.0,179.0,4.0,4.0,24.3,,,0.0223,True,completed
658,1746.0,1984.0,238.0,26.0,29.0,53.627,,,0.1218,True,completed
716,1805.0,1984.0,179.0,0.0,0.0,16.465,,,0.0,True,completed
695,1787.0,1986.0,199.0,1.0,1.0,21.535,,,0.005,True,completed
781,1862.0,1986.0,124.0,0.0,0.0,16.812,,,0.0,True,completed
782,1863.0,1986.0,123.0,3.0,3.0,18.011,,,0.0244,True,completed
745,1827.0,1987.0,160.0,14.0,15.0,32.958,,,0.0938,True,completed
726,1813.0,1992.0,179.0,0.0,0.0,20.109,,,0.0,True,completed
788,1871.0,1992.0,121.0,1.0,1.0,11.179,,,0.0083,True,completed
823,1901.0,1992.0,91.0,0.0,0.0,5.936,,,0.0,True,completed
734,1817.0,1993.0,176.0,0.0,0.0,15.895,,,0.0,True,completed
790,1872.0,1994.0,122.0,0.0,0.0,10.288,,,0.0,True,completed
815,1892.0,1994.0,102.0,0.0,0.0,6.945,,,0.0,True,completed
698,1790.0,1995.0,205.0,0.0,0.0,24.388,,,0.0,True,completed
727,1814.0,1995.0,181.0,0.0,0.0,16.102,,,0.0,True,completed
750,1832.0,1995.0,163.0,0.0,9.0,19.864,,,0.0552,True,completed
793,1876.0,1996.0,120.0,0.0,0.0,8.928,,,0.0,True,completed
776,1858.0,1997.0,139.0,0.0,0.0,8.301,,,0.0,True,completed
800,1878.0,1997.0,119.0,0.0,0.0,7.336,,,0.0,True,completed
833,1912.0,1999.0,87.0,0.0,1.0,8.542,,,0.0115,True,completed
654,1741.0,2001.0,260.0,2.0,2.0,43.76,,,0.0077,True,completed
693,1785.0,2002.0,217.0,0.0,0.0,14.554,,,0.0,True,completed
834,1915.0,2002.0,87.0,0.0,0.0,7.298,,,0.0,True,completed
761,1841.0,2003.0,162.0,4.0,4.0,18.155,,,0.0247,True,completed
770,1850.0,2003.0,153.0,0.0,0.0,10.58,,,0.0,True,completed
830,1908.0,2008.0,100.0,1.0,1.0,17.865,,,0.01,True,completed
777,1858.0,2010.0,152.0,11.0,11.0,23.386,,,0.0724,True,completed
746,1827.0,2014.0,187.0,3.0,3.0,18.297,,,0.016,True,completed
841,1919.0,2015.0,96.0,3.0,3.0,15.535,,,0.0312,True,completed
779,1860.0,2016.0,156.0,1.0,1.0,18.26,,,0.0064,True,completed
786,1870.0,2017.0,147.0,0.0,2.0,16.198,,,0.0136,True,completed
703,1798.0,2020.0,222.0,0.0,11.0,30.401,,,0.0495,True,completed
728,1815.0,2020.0,205.0,3.0,19.0,44.021,,,0.0927,True,completed
783,1864.0,2021.0,157.0,0.0,24.0,37.324,,,0.1529,True,completed
822,1900.0,2021.0,121.0,6.0,6.0,16.617,,,0.0496,True,completed
758,1840.0,2022.0,182.0,0.0,4.0,20.788,,,0.022,True,completed
809,1887.0,2022.0,135.0,0.0,0.0,16.475,,,0.0,True,completed
792,1874.0,2026.0,152.0,0.0,0.0,15.149,,,0.0,True,completed
836,1916.0,2027.0,111.0,0.0,0.0,9.25,,,0.0,True,completed
813,1890.0,2028.0,138.0,0.0,1.0,14.389,,,0.0072,True,completed
769,1850.0,2030.0,180.0,0.0,0.0,11.907,,,0.0,True,completed
835,1916.0,2030.0,114.0,0.0,0.0,9.174,,,0.0,True,completed
798,1876.0,2032.0,156.0,0.0,1.0,14.412,,,0.0064,True,completed
797,1876.0,2034.0,158.0,0.0,0.0,35.533,,,0.0,True,completed
730,1816.0,2035.0,219.0,4.0,4.0,32.928,,,0.0183,True,completed
824,1902.0,2037.0,135.0,0.0,0.0,8.591,,,0.0,True,completed
644,1730.0,2038.0,308.0,21.0,31.0,70.821,,,0.1006,True,completed
753,1834.0,2038.0,204.0,6.0,6.0,21.022,,,0.0294,True,completed
796,1874.0,2038.0,164.0,0.0,0.0,12.525,,,0.0,True,completed
764,1844.0,2040.0,196.0,2.0,2.0,18.246,,,0.0102,True,completed
714,1804.0,2041.0,237.0,0.0,0.0,18.705,,,0.0,True,completed
735,1817.0,2043.0,226.0,0.0,0.0,35.703,,,0.0,True,completed
762,1842.0,2043.0,201.0,11.0,17.0,39.137,,,0.0846,True,completed
736,1817.0,2044.0,227.0,23.0,35.0,55.507,,,0.1542,True,completed
765,1846.0,2048.0,202.0,0.0,12.0,30.019,,,0.0594,True,completed
845,1925.0,2049.0,124.0,0.0,0.0,25.588,,,0.0,True,completed
848,1927.0,2049.0,122.0,1.0,1.0,12.248,,,0.0082,True,completed
787,1870.0,2050.0,180.0,0.0,0.0,12.137,,,0.0,True,completed
885,1976.0,2050.0,74.0,0.0,0.0,4.031,,,0.0,True,completed
844,1923.0,2051.0,128.0,1.0,1.0,16.122,,,0.0078,True,completed
702,1796.0,2053.0,257.0,0.0,1.0,26.663,,,0.0039,True,completed
778,1860.0,2053.0,193.0,0.0,0.0,15.949,,,0.0,True,completed
794,1874.0,2053.0,179.0,2.0,2.0,19.486,,,0.0112,True,completed
862,1945.0,2053.0,108.0,0.0,0.0,6.298,,,0.0,True,completed
876,1968.0,2054.0,86.0,5.0,5.0,15.372,,,0.0581,True,completed
772,1853.0,2055.0,202.0,0.0,0.0,20.507,,,0.0,True,completed
819,1896.0,2055.0,159.0,0.0,0.0,10.538,,,0.0,True,completed
784,1867.0,2056.0,189.0,0.0,2.0,32.926,,,0.0106,True,completed
808,1887.0,2056.0,169.0,0.0,4.0,31.668,,,0.0237,True,completed
748,1830.0,2057.0,227.0,0.0,2.0,58.673,,,0.0088,True,completed
801,1879.0,2057.0,178.0,7.0,7.0,25.683,,,0.0393,True,completed
795,1874.0,2059.0,185.0,0.0,0.0,15.776,,,0.0,True,completed
832,1911.0,2059.0,148.0,1.0,1.0,12.027,,,0.0068,True,completed
709,1802.0,2061.0,259.0,0.0,1.0,21.553,,,0.0039,True,completed
740,1824.0,2061.0,237.0,0.0,0.0,18.336,,,0.0,True,completed
811,1888.0,2061.0,173.0,0.0,0.0,12.126,,,0.0,True,completed
837,1917.0,2062.0,145.0,0.0,0.0,10.106,,,0.0,True,completed
825,1902.0,2065.0,163.0,0.0,0.0,18.54,,,0.0,True,completed
751,1834.0,2066.0,232.0,0.0,1.0,27.176,,,0.0043,True,completed
804,1881.0,2066.0,185.0,0.0,6.0,24.274,,,0.0324,True,completed
865,1950.0,2066.0,116.0,14.0,14.0,25.519,,,0.1207,True,completed
839,1918.0,2067.0,149.0,0.0,0.0,10.323,,,0.0,True,completed
855,1936.0,2067.0,131.0,14.0,16.0,26.054,,,0.1221,True,completed
861,1942.0,2067.0,125.0,3.0,3.0,13.424,,,0.024,True,completed
814,1891.0,2070.0,179.0,3.0,3.0,43.816,,,0.0168,True,completed
827,1904.0,2070.0,166.0,0.0,0.0,13.096,,,0.0,True,completed
749,1830.0,2071.0,241.0,0.0,0.0,15.417,,,0.0,True,completed
867,1954.0,2071.0,117.0,0.0,0.0,9.192,,,0.0,True,completed
741,1824.0,2072.0,248.0,0.0,0.0,51.175,,,0.0,True,completed
829,1907.0,2073.0,166.0,8.0,15.0,29.633,,,0.0904,True,completed
791,1873.0,2075.0,202.0,0.0,0.0,19.565,,,0.0,True,completed
895,1990.0,2075.0,85.0,0.0,0.0,7.084,,,0.0,True,completed
789,1872.0,2077.0,205.0,0.0,0.0,16.223,,,0.0,True,completed
893,1989.0,2077.0,88.0,0.0,0.0,7.142,,,0.0,True,completed
816,1893.0,2078.0,185.0,13.0,13.0,29.228,,,0.0703,True,completed
866,1953.0,2078.0,125.0,0.0,0.0,15.807,,,0.0,True,completed
851,1930.0,2080.0,150.0,0.0,0.0,9.946,,,0.0,True,completed
856,1937.0,2080.0,143.0,0.0,0.0,16.805,,,0.0,True,completed
843,1922.0,2081.0,159.0,13.0,15.0,35.044,,,0.0943,True,completed
874,1967.0,2081.0,114.0,2.0,2.0,12.146,,,0.0175,True,completed
725,1813.0,2083.0,270.0,0.0,0.0,19.959,,,0.0,True,completed
854,1934.0,2083.0,149.0,20.0,20.0,39.076,,,0.1342,True,completed
812,1890.0,2087.0,197.0,2.0,5.0,28.496,,,0.0254,True,completed
821,1900.0,2087.0,187.0,0.0,0.0,14.21,,,0.0,True,completed
859,1940.0,2087.0,147.0,0.0,0.0,12.415,,,0.0,True,completed
857,1937.0,2089.0,152.0,0.0,0.0,15.762,,,0.0,True,completed
847,1926.0,2091.0,165.0,0.0,0.0,14.445,,,0.0,True,completed
880,1973.0,2098.0,125.0,1.0,2.0,14.827,,,0.016,True,completed
894,1989.0,2098.0,109.0,0.0,0.0,9.452,,,0.0,True,completed
906,2000.0,2099.0,99.0,13.0,13.0,21.238,,,0.1313,True,completed
760,1842.0,2100.0,258.0,0.0,26.0,53.584,,,0.1008,True,completed
875,1967.0,2100.0,133.0,0.0,0.0,13.276,,,0.0,True,completed
799,1878.0,2101.0,223.0,0.0,0.0,20.562,,,0.0,True,completed
747,1828.0,2103.0,275.0,16.0,20.0,54.547,,,0.0727,True,completed
863,1945.0,2103.0,158.0,0.0,0.0,21.796,,,0.0,True,completed
807,1885.0,2104.0,219.0,4.0,4.0,32.989,,,0.0183,True,completed
864,1948.0,2104.0,156.0,1.0,1.0,40.062,,,0.0064,True,completed
902,1996.0,2105.0,109.0,0.0,0.0,5.541,,,0.0,True,completed
898,1992.0,2106.0,114.0,2.0,2.0,13.526,,,0.0175,True,completed
926,2023.0,2106.0,83.0,0.0,0.0,7.618,,,0.0,True,completed
918,2014.0,2107.0,93.0,8.0,8.0,19.42,,,0.086,True,completed
891,1987.0,2108.0,121.0,0.0,0.0,18.707,,,0.0,True,completed
752,1834.0,2109.0,275.0,0.0,2.0,29.458,,,0.0073,True,completed
919,2015.0,2109.0,94.0,1.0,1.0,10.165,,,0.0106,True,completed
852,1931.0,2111.0,180.0,0.0,0.0,11.357,,,0.0,True,completed
901,1995.0,2112.0,117.0,0.0,0.0,8.0,,,0.0,True,completed
900,1993.0,2113.0,120.0,3.0,3.0,13.763,,,0.025,True,completed
937,2036.0,2113.0,77.0,15.0,15.0,22.612,,,0.1948,True,completed
810,1888.0,2114.0,226.0,0.0,0.0,17.801,,,0.0,True,completed
785,1868.0,2115.0,247.0,1.0,5.0,31.312,,,0.0202,True,completed
850,1929.0,2116.0,187.0,0.0,0.0,14.613,,,0.0,True,completed
883,1975.0,2119.0,144.0,32.0,45.0,58.739,,,0.3125,True,completed
878,1970.0,2120.0,150.0,0.0,0.0,13.966,,,0.0,True,completed
944,2043.0,2120.0,77.0,0.0,0.0,4.576,,,0.0,True,completed
903,1996.0,2121.0,125.0,0.0,0.0,20.394,,,0.0,True,completed
805,1882.0,2122.0,240.0,3.0,4.0,40.839,,,0.0167,True,completed
904,1997.0,2122.0,125.0,5.0,5.0,21.436,,,0.04,True,completed
897,1991.0,2123.0,132.0,0.0,0.0,9.017,,,0.0,True,completed
889,1983.0,2124.0,141.0,2.0,2.0,13.91,,,0.0142,True,completed
966,2074.0,2127.0,53.0,0.0,0.0,2.762,,,0.0,True,completed
907,2003.0,2128.0,125.0,0.0,0.0,12.958,,,0.0,True,completed
911,2005.0,2129.0,124.0,0.0,0.0,8.359,,,0.0,True,completed
886,1979.0,2134.0,155.0,0.0,0.0,9.127,,,0.0,True,completed
943,2042.0,2134.0,92.0,0.0,0.0,6.878,,,0.0,True,completed
879,1972.0,2136.0,164.0,0.0,0.0,13.265,,,0.0,True,completed
957,2053.0,2136.0,83.0,0.0,0.0,5.069,,,0.0,True,completed
892,1988.0,2137.0,149.0,0.0,3.0,16.728,,,0.0201,True,completed
914,2010.0,2137.0,127.0,0.0,0.0,8.994,,,0.0,True,completed
869,1958.0,2138.0,180.0,0.0,0.0,19.09,,,0.0,True,completed
924,2020.0,2138.0,118.0,0.0,0.0,8.327,,,0.0,True,completed
954,2050.0,2138.0,88.0,0.0,0.0,7.292,,,0.0,True,completed
858,1938.0,2142.0,204.0,0.0,0.0,15.655,,,0.0,True,completed
831,1909.0,2144.0,235.0,0.0,0.0,19.971,,,0.0,True,completed
842,1920.0,2144.0,224.0,0.0,0.0,18.511,,,0.0,True,completed
961,2061.0,2144.0,83.0,0.0,0.0,6.902,,,0.0,True,completed
871,1963.0,2145.0,182.0,0.0,8.0,25.092,,,0.044,True,completed
860,1941.0,2146.0,205.0,3.0,40.0,57.274,,,0.1951,True,completed
925,2023.0,2147.0,124.0,2.0,2.0,14.369,,,0.0161,True,completed
817,1894.0,2149.0,255.0,10.0,17.0,49.802,,,0.0667,True,completed
982,2101.0,2149.0,48.0,0.0,0.0,2.403,,,0.0,True,completed
887,1980.0,2150.0,170.0,0.0,0.0,9.465,,,0.0,True,completed
884,1976.0,2152.0,176.0,0.0,2.0,15.589,,,0.0114,True,completed
870,1963.0,2154.0,191.0,0.0,2.0,19.523,,,0.0105,True,completed
838,1918.0,2160.0,242.0,0.0,6.0,26.676,,,0.0248,True,completed
915,2010.0,2160.0,150.0,1.0,2.0,19.213,,,0.0133,True,completed
959,2057.0,2160.0,103.0,0.0,0.0,6.98,,,0.0,True,completed
908,2004.0,2163.0,159.0,0.0,0.0,10.852,,,0.0,True,completed
828,1905.0,2171.0,266.0,24.0,41.0,66.142,,,0.1541,True,completed
939,2037.0,2171.0,134.0,0.0,3.0,33.94,,,0.0224,True,completed
872,1963.0,2174.0,211.0,0.0,4.0,22.926,,,0.019,True,completed
931,2031.0,2174.0,143.0,0.0,0.0,7.774,,,0.0,True,completed
950,2047.0,2175.0,128.0,0.0,0.0,8.109,,,0.0,True,completed
945,2044.0,2176.0,132.0,0.0,0.0,7.583,,,0.0,True,completed
946,2044.0,2176.0,132.0,0.0,0.0,8.707,,,0.0,True,completed
928,2025.0,2177.0,152.0,0.0,0.0,9.476,,,0.0,True,completed
934,2035.0,2177.0,142.0,0.0,0.0,9.152,,,0.0,True,completed
849,1929.0,2179.0,250.0,0.0,3.0,32.574,,,0.012,True,completed
896,1990.0,2179.0,189.0,0.0,2.0,19.999,,,0.0106,True,completed
917,2012.0,2179.0,167.0,0.0,8.0,24.688,,,0.0479,True,completed
921,2019.0,2179.0,160.0,0.0,0.0,11.339,,,0.0,True,completed
929,2029.0,2179.0,150.0,0.0,0.0,9.785,,,0.0,True,completed
888,1982.0,2180.0,198.0,0.0,5.0,21.777,,,0.0253,True,completed
965,2073.0,2182.0,109.0,0.0,0.0,6.301,,,0.0,True,completed
873,1966.0,2184.0,218.0,0.0,0.0,12.676,,,0.0,True,completed
868,1956.0,2186.0,230.0,0.0,0.0,16.189,,,0.0,True,completed
910,2005.0,2187.0,182.0,14.0,15.0,33.456,,,0.0824,True,completed
923,2019.0,2188.0,169.0,1.0,1.0,26.311,,,0.0059,True,completed
984,2105.0,2189.0,84.0,0.0,0.0,16.328,,,0.0,True,completed
853,1933.0,2190.0,257.0,0.0,0.0,20.483,,,0.0,True,completed
986,2110.0,2194.0,84.0,0.0,0.0,5.277,,,0.0,True,completed
909,2004.0,2195.0,191.0,0.0,0.0,13.738,,,0.0,True,completed
912,2007.0,2195.0,188.0,0.0,7.0,27.233,,,0.0372,True,completed
935,2035.0,2195.0,160.0,0.0,0.0,11.195,,,0.0,True,completed
976,2094.0,2196.0,102.0,0.0,0.0,6.623,,,0.0,True,completed
916,2012.0,2202.0,190.0,0.0,0.0,13.33,,,0.0,True,completed
905,2000.0,2204.0,204.0,15.0,44.0,61.486,,,0.2157,True,completed
962,2068.0,2204.0,136.0,0.0,0.0,10.589,,,0.0,True,completed
967,2076.0,2204.0,128.0,0.0,0.0,6.773,,,0.0,True,completed
890,1984.0,2205.0,221.0,2.0,2.0,17.316,,,0.009,True,completed
940,2039.0,2205.0,166.0,0.0,0.0,13.907,,,0.0,True,completed
1005,2141.0,2207.0,66.0,0.0,0.0,6.367,,,0.0,True,completed
974,2088.0,2209.0,121.0,0.0,0.0,6.269,,,0.0,True,completed
882,1976.0,2210.0,234.0,0.0,0.0,63.519,,,0.0,True,completed
969,2079.0,2210.0,131.0,0.0,0.0,7.145,,,0.0,True,completed
953,2050.0,2212.0,162.0,1.0,13.0,30.539,,,0.0802,True,completed
963,2072.0,2213.0,141.0,18.0,34.0,52.796,,,0.2411,True,completed
881,1974.0,2214.0,240.0,0.0,0.0,16.079,,,0.0,True,completed
938,2037.0,2215.0,178.0,0.0,5.0,20.206,,,0.0281,True,completed
951,2049.0,2215.0,166.0,1.0,7.0,23.955,,,0.0422,True,completed
941,2039.0,2216.0,177.0,0.0,0.0,17.262,,,0.0,True,completed
989,2115.0,2216.0,101.0,0.0,1.0,14.833,,,0.0099,True,completed
1007,2142.0,2217.0,75.0,0.0,0.0,5.317,,,0.0,True,completed
936,2036.0,2217.0,181.0,0.0,0.0,11.315,,,0.0,True,completed
948,2046.0,2219.0,173.0,0.0,25.0,38.402,,,0.1445,True,completed
933,2033.0,2225.0,192.0,0.0,0.0,13.386,,,0.0,True,completed
971,2084.0,2226.0,142.0,3.0,3.0,14.246,,,0.0211,True,completed
932,2031.0,2227.0,196.0,2.0,2.0,20.591,,,0.0102,True,completed
920,2018.0,2228.0,210.0,0.0,1.0,19.266,,,0.0048,True,completed
947,2045.0,2230.0,185.0,2.0,9.0,31.604,,,0.0486,True,completed
952,2049.0,2230.0,181.0,1.0,1.0,15.663,,,0.0055,True,completed
988,2112.0,2230.0,118.0,0.0,0.0,8.266,,,0.0,True,completed
927,2024.0,2231.0,207.0,6.0,6.0,27.311,,,0.029,True,completed
930,2030.0,2231.0,201.0,0.0,2.0,17.366,,,0.01,True,completed
913,2008.0,2232.0,224.0,0.0,0.0,21.024,,,0.0,True,completed
1014,2159.0,2237.0,78.0,0.0,0.0,3.774,,,0.0,True,completed
846,1925.0,2239.0,314.0,0.0,0.0,29.501,,,0.0,True,completed
970,2083.0,2242.0,159.0,0.0,0.0,8.833,,,0.0,True,completed
949,2047.0,2243.0,196.0,0.0,0.0,16.629,,,0.0,True,completed
956,2052.0,2243.0,191.0,0.0,7.0,27.14,,,0.0366,True,completed
1002,2134.0,2244.0,110.0,0.0,0.0,6.279,,,0.0,True,completed
877,1969.0,2244.0,275.0,0.0,15.0,37.533,,,0.0545,True,completed
958,2054.0,2246.0,192.0,0.0,0.0,31.317,,,0.0,True,completed
960,2059.0,2247.0,188.0,1.0,16.0,40.202,,,0.0851,True,completed
899,1992.0,2250.0,258.0,0.0,8.0,29.763,,,0.031,True,completed
964,2073.0,2250.0,177.0,0.0,0.0,12.928,,,0.0,True,completed
922,2019.0,2251.0,232.0,2.0,2.0,19.287,,,0.0086,True,completed
1030,2179.0,2252.0,73.0,0.0,0.0,3.988,,,0.0,True,completed
994,2123.0,2255.0,132.0,0.0,0.0,7.079,,,0.0,True,completed
1033,2181.0,2257.0,76.0,0.0,0.0,5.831,,,0.0,True,completed
993,2120.0,2259.0,139.0,6.0,6.0,17.653,,,0.0432,True,completed
983,2101.0,2261.0,160.0,0.0,0.0,10.257,,,0.0,True,completed
973,2088.0,2262.0,174.0,0.0,0.0,8.988,,,0.0,True,completed
1004,2137.0,2263.0,126.0,1.0,1.0,13.374,,,0.0079,True,completed
997,2128.0,2265.0,137.0,1.0,1.0,21.239,,,0.0073,True,completed
980,2099.0,2267.0,168.0,7.0,7.0,21.75,,,0.0417,True,completed
972,2084.0,2269.0,185.0,0.0,6.0,22.397,,,0.0324,True,completed
1019,2165.0,2270.0,105.0,0.0,0.0,5.838,,,0.0,True,completed
1027,2173.0,2270.0,97.0,0.0,0.0,7.33,,,0.0,True,completed
975,2090.0,2271.0,181.0,0.0,0.0,11.767,,,0.0,True,completed
955,2051.0,2272.0,221.0,0.0,0.0,14.022,,,0.0,True,completed
978,2096.0,2274.0,178.0,2.0,2.0,16.024,,,0.0112,True,completed
979,2097.0,2275.0,178.0,0.0,0.0,11.59,,,0.0,True,completed
1015,2160.0,2276.0,116.0,0.0,0.0,6.178,,,0.0,True,completed
995,2126.0,2276.0,150.0,0.0,0.0,11.59,,,0.0,True,completed
1011,2158.0,2279.0,121.0,4.0,4.0,17.396,,,0.0331,True,completed
1016,2161.0,2279.0,118.0,1.0,1.0,11.199,,,0.0085,True,completed
1009,2149.0,2280.0,131.0,0.0,0.0,13.054,,,0.0,True,completed
1022,2169.0,2287.0,118.0,0.0,0.0,8.234,,,0.0,True,completed
1056,2233.0,2289.0,56.0,0.0,0.0,3.28,,,0.0,True,completed
1032,2180.0,2290.0,110.0,0.0,0.0,6.962,,,0.0,True,completed
996,2126.0,2290.0,164.0,0.0,0.0,10.016,,,0.0,True,completed
1010,2157.0,2295.0,138.0,0.0,0.0,8.543,,,0.0,True,completed
1044,2209.0,2295.0,86.0,0.0,0.0,5.536,,,0.0,True,completed
1062,2249.0,2296.0,47.0,0.0,0.0,3.209,,,0.0,True,completed
985,2106.0,2300.0,194.0,0.0,0.0,11.993,,,0.0,True,completed
1026,2173.0,2301.0,128.0,0.0,0.0,6.676,,,0.0,True,completed
1038,2194.0,2302.0,108.0,0.0,0.0,10.926,,,0.0,True,completed
1042,2205.0,2302.0,97.0,0.0,0.0,8.417,,,0.0,True,completed
1000,2131.0,2303.0,172.0,0.0,3.0,17.277,,,0.0174,True,completed
987,2111.0,2305.0,194.0,0.0,2.0,24.416,,,0.0103,True,completed
968,2078.0,2309.0,231.0,0.0,0.0,13.991,,,0.0,True,completed
990,2117.0,2309.0,192.0,9.0,12.0,30.114,,,0.0625,True,completed
1053,2228.0,2310.0,82.0,0.0,0.0,5.011,,,0.0,True,completed
1012,2158.0,2311.0,153.0,0.0,0.0,7.951,,,0.0,True,completed
992,2119.0,2311.0,192.0,0.0,0.0,14.18,,,0.0,True,completed
1025,2172.0,2317.0,145.0,0.0,0.0,12.544,,,0.0,True,completed
1021,2168.0,2320.0,152.0,0.0,0.0,8.447,,,0.0,True,completed
1003,2135.0,2322.0,187.0,4.0,7.0,24.95,,,0.0374,True,completed
981,2100.0,2323.0,223.0,0.0,0.0,19.014,,,0.0,True,completed
1023,2169.0,2325.0,156.0,0.0,0.0,11.761,,,0.0,True,completed
1067,2257.0,2335.0,78.0,0.0,0.0,4.217,,,0.0,True,completed
1052,2227.0,2338.0,111.0,0.0,0.0,7.425,,,0.0,True,completed
1057,2236.0,2344.0,108.0,3.0,3.0,16.607,,,0.0278,True,completed
999,2129.0,2346.0,217.0,0.0,0.0,13.264,,,0.0,True,completed
1066,2257.0,2347.0,90.0,0.0,0.0,5.33,,,0.0,True,completed
977,2094.0,2347.0,253.0,4.0,23.0,77.881,,,0.0909,True,completed
942,2039.0,2349.0,310.0,0.0,20.0,50.298,,,0.0645,True,completed
1020,2166.0,2350.0,184.0,0.0,0.0,12.769,,,0.0,True,completed
1041,2200.0,2350.0,150.0,0.0,0.0,9.937,,,0.0,True,completed
1050,2224.0,2351.0,127.0,0.0,0.0,8.668,,,0.0,True,completed
1072,2274.0,2355.0,81.0,0.0,0.0,4.647,,,0.0,True,completed
1017,2161.0,2356.0,195.0,0.0,0.0,22.68,,,0.0,True,completed
1001,2132.0,2358.0,226.0,0.0,7.0,24.778,,,0.031,True,completed
1008,2147.0,2358.0,211.0,0.0,0.0,13.672,,,0.0,True,completed
1013,2159.0,2358.0,199.0,0.0,0.0,12.943,,,0.0,True,completed
1037,2192.0,2358.0,166.0,0.0,0.0,12.214,,,0.0,True,completed
1063,2250.0,2358.0,108.0,0.0,0.0,6.245,,,0.0,True,completed
1069,2265.0,2358.0,93.0,0.0,0.0,5.931,,,0.0,True,completed
991,2119.0,2358.0,239.0,9.0,9.0,30.091,,,0.0377,True,completed
1045,2215.0,2359.0,144.0,0.0,0.0,10.89,,,0.0,True,completed
1088,2305.0,2359.0,54.0,0.0,0.0,3.637,,,0.0,True,completed
1024,2171.0,2361.0,190.0,0.0,3.0,34.274,,,0.0158,True,completed
1054,2229.0,2361.0,132.0,0.0,0.0,14.202,,,0.0,True,completed
1089,2306.0,2361.0,55.0,0.0,0.0,4.145,,,0.0,True,completed
1028,2175.0,2362.0,187.0,5.0,31.0,48.417,,,0.1658,True,completed
1071,2271.0,2367.0,96.0,0.0,0.0,6.243,,,0.0,True,completed
998,2129.0,2370.0,241.0,0.0,0.0,20.268,,,0.0,True,completed
1095,2314.0,2371.0,57.0,0.0,0.0,4.653,,,0.0,True,completed
1048,2222.0,2376.0,154.0,0.0,0.0,16.165,,,0.0,True,completed
1076,2279.0,2376.0,97.0,0.0,0.0,5.407,,,0.0,True,completed
1058,2236.0,2377.0,141.0,0.0,0.0,8.564,,,0.0,True,completed
1040,2199.0,2380.0,181.0,0.0,0.0,11.934,,,0.0,True,completed
1051,2227.0,2380.0,153.0,0.0,0.0,13.605,,,0.0,True,completed
1018,2162.0,2381.0,219.0,0.0,10.0,25.499,,,0.0457,True,completed
1070,2266.0,2381.0,115.0,0.0,0.0,9.42,,,0.0,True,completed
1047,2221.0,2391.0,170.0,0.0,0.0,11.905,,,0.0,True,completed
1036,2192.0,2395.0,203.0,0.0,0.0,16.65,,,0.0,True,completed
1090,2307.0,2403.0,96.0,0.0,0.0,6.485,,,0.0,True,completed
1049,2222.0,2404.0,182.0,0.0,0.0,11.29,,,0.0,True,completed
1101,2321.0,2405.0,84.0,0.0,0.0,6.316,,,0.0,True,completed
1092,2309.0,2407.0,98.0,0.0,0.0,7.754,,,0.0,True,completed
1031,2179.0,2408.0,229.0,0.0,0.0,13.207,,,0.0,True,completed
1029,2177.0,2409.0,232.0,0.0,0.0,13.975,,,0.0,True,completed
1006,2141.0,2410.0,269.0,1.0,6.0,29.441,,,0.0223,True,completed
1083,2297.0,2410.0,113.0,0.0,0.0,14.355,,,0.0,True,completed
1084,2298.0,2412.0,114.0,0.0,0.0,9.514,,,0.0,True,completed
1078,2285.0,2415.0,130.0,0.0,0.0,9.167,,,0.0,True,completed
1059,2242.0,2416.0,174.0,5.0,11.0,29.718,,,0.0632,True,completed
1043,2207.0,2417.0,210.0,0.0,0.0,14.042,,,0.0,True,completed
1046,2217.0,2421.0,204.0,0.0,24.0,39.603,,,0.1176,True,completed
1074,2276.0,2422.0,146.0,0.0,1.0,12.047,,,0.0068,True,completed
1112,2336.0,2422.0,86.0,0.0,0.0,6.17,,,0.0,True,completed
1123,2365.0,2422.0,57.0,0.0,0.0,3.803,,,0.0,True,completed
1111,2336.0,2425.0,89.0,0.0,0.0,4.865,,,0.0,True,completed
1055,2230.0,2427.0,197.0,0.0,9.0,24.45,,,0.0457,True,completed
1035,2187.0,2429.0,242.0,1.0,1.0,25.495,,,0.0041,True,completed
1060,2245.0,2432.0,187.0,0.0,3.0,21.115,,,0.016,True,completed
1085,2298.0,2435.0,137.0,0.0,0.0,9.301,,,0.0,True,completed
1100,2320.0,2437.0,117.0,0.0,0.0,6.738,,,0.0,True,completed
1065,2254.0,2441.0,187.0,0.0,0.0,12.445,,,0.0,True,completed
1073,2274.0,2446.0,172.0,0.0,0.0,10.935,,,0.0,True,completed
1080,2294.0,2448.0,154.0,0.0,0.0,10.488,,,0.0,True,completed
1110,2335.0,2448.0,113.0,0.0,0.0,15.483,,,0.0,True,completed
1116,2352.0,2448.0,96.0,0.0,0.0,6.041,,,0.0,True,completed
1061,2248.0,2449.0,201.0,0.0,0.0,13.955,,,0.0,True,completed
1034,2184.0,2455.0,271.0,6.0,22.0,45.956,,,0.0812,True,completed
1064,2254.0,2456.0,202.0,0.0,0.0,20.834,,,0.0,True,completed
1113,2342.0,2456.0,114.0,0.0,0.0,7.447,,,0.0,True,completed
1081,2295.0,2465.0,170.0,1.0,1.0,15.606,,,0.0059,True,completed
1097,2316.0,2473.0,157.0,0.0,0.0,13.554,,,0.0,True,completed
1068,2258.0,2477.0,219.0,0.0,0.0,17.027,,,0.0,True,completed
1099,2319.0,2478.0,159.0,0.0,0.0,12.349,,,0.0,True,completed
1039,2197.0,2480.0,283.0,1.0,25.0,52.036,,,0.0883,True,completed
1094,2311.0,2484.0,173.0,0.0,1.0,17.022,,,0.0058,True,completed
1102,2323.0,2489.0,166.0,0.0,0.0,20.46,,,0.0,True,completed
1079,2293.0,2493.0,200.0,0.0,0.0,18.51,,,0.0,True,completed
1114,2345.0,2493.0,148.0,0.0,0.0,10.037,,,0.0,True,completed
1087,2304.0,2498.0,194.0,0.0,18.0,33.968,,,0.0928,True,completed
1134,2391.0,2500.0,109.0,0.0,0.0,6.445,,,0.0,True,completed
1107,2332.0,2502.0,170.0,0.0,0.0,15.681,,,0.0,True,completed
1125,2368.0,2505.0,137.0,0.0,0.0,8.446,,,0.0,True,completed
1077,2280.0,2506.0,226.0,5.0,5.0,24.516,,,0.0221,True,completed
1105,2326.0,2506.0,180.0,0.0,0.0,14.217,,,0.0,True,completed
1104,2326.0,2509.0,183.0,0.0,1.0,25.591,,,0.0055,True,completed
1155,2455.0,2510.0,55.0,0.0,0.0,4.206,,,0.0,True,completed
1119,2357.0,2511.0,154.0,0.0,0.0,11.061,,,0.0,True,completed
1109,2333.0,2513.0,180.0,0.0,0.0,10.101,,,0.0,True,completed
1075,2278.0,2516.0,238.0,0.0,2.0,23.641,,,0.0084,True,completed
1082,2296.0,2517.0,221.0,0.0,0.0,15.623,,,0.0,True,completed
1086,2304.0,2523.0,219.0,0.0,0.0,19.888,,,0.0,True,completed
1098,2319.0,2523.0,204.0,0.0,0.0,13.932,,,0.0,True,completed
1142,2424.0,2523.0,99.0,0.0,0.0,11.276,,,0.0,True,completed
1106,2330.0,2525.0,195.0,0.0,0.0,11.221,,,0.0,True,completed
1122,2360.0,2525.0,165.0,0.0,0.0,34.501,,,0.0,True,completed
1141,2422.0,2525.0,103.0,0.0,0.0,7.634,,,0.0,True,completed
1093,2310.0,2526.0,216.0,0.0,14.0,32.011,,,0.0648,True,completed
1130,2386.0,2528.0,142.0,0.0,0.0,8.012,,,0.0,True,completed
1120,2359.0,2530.0,171.0,0.0,0.0,13.484,,,0.0,True,completed
1096,2315.0,2531.0,216.0,0.0,15.0,37.468,,,0.0694,True,completed
1091,2308.0,2533.0,225.0,14.0,14.0,31.806,,,0.0622,True,completed
1137,2407.0,2540.0,133.0,0.0,0.0,8.272,,,0.0,True,completed
1127,2377.0,2541.0,164.0,0.0,0.0,10.509,,,0.0,True,completed
1108,2332.0,2548.0,216.0,0.0,0.0,12.605,,,0.0,True,completed
1132,2387.0,2548.0,161.0,0.0,0.0,14.789,,,0.0,True,completed
1146,2444.0,2549.0,105.0,0.0,0.0,9.967,,,0.0,True,completed
1129,2385.0,2552.0,167.0,0.0,0.0,10.38,,,0.0,True,completed
1143,2425.0,2552.0,127.0,0.0,0.0,9.585,,,0.0,True,completed
1121,2359.0,2556.0,197.0,0.0,0.0,13.633,,,0.0,True,completed
1151,2450.0,2558.0,108.0,0.0,0.0,8.33,,,0.0,True,completed
1153,2454.0,2558.0,104.0,0.0,0.0,15.484,,,0.0,True,completed
1126,2376.0,2560.0,184.0,0.0,16.0,32.583,,,0.087,True,completed
1103,2325.0,2561.0,236.0,0.0,0.0,17.653,,,0.0,True,completed
1128,2377.0,2561.0,184.0,0.0,0.0,12.671,,,0.0,True,completed
1154,2454.0,2561.0,107.0,0.0,0.0,7.657,,,0.0,True,completed
1117,2353.0,2563.0,210.0,0.0,0.0,13.697,,,0.0,True,completed
1139,2417.0,2566.0,149.0,0.0,0.0,9.097,,,0.0,True,completed
1115,2346.0,2568.0,222.0,0.0,0.0,21.0,,,0.0,True,completed
1118,2353.0,2568.0,215.0,0.0,19.0,40.396,,,0.0884,True,completed
1131,2387.0,2571.0,184.0,0.0,0.0,16.103,,,0.0,True,completed
1140,2419.0,2575.0,156.0,0.0,0.0,9.471,,,0.0,True,completed
1157,2468.0,2576.0,108.0,0.0,0.0,6.526,,,0.0,True,completed
1175,2504.0,2581.0,77.0,0.0,0.0,4.729,,,0.0,True,completed
1163,2479.0,2598.0,119.0,0.0,0.0,8.671,,,0.0,True,completed
1148,2446.0,2603.0,157.0,8.0,8.0,21.848,,,0.051,True,completed
1150,2448.0,2603.0,155.0,1.0,1.0,14.118,,,0.0065,True,completed
1185,2517.0,2604.0,87.0,0.0,0.0,4.759,,,0.0,True,completed
1144,2436.0,2606.0,170.0,0.0,0.0,15.063,,,0.0,True,completed
1124,2366.0,2608.0,242.0,0.0,0.0,15.355,,,0.0,True,completed
1171,2492.0,2616.0,124.0,0.0,0.0,8.803,,,0.0,True,completed
1158,2471.0,2621.0,150.0,2.0,2.0,13.256,,,0.0133,True,completed
1138,2410.0,2623.0,213.0,0.0,3.0,23.697,,,0.0141,True,completed
1191,2527.0,2623.0,96.0,0.0,0.0,4.505,,,0.0,True,completed
1152,2453.0,2624.0,171.0,0.0,0.0,12.345,,,0.0,True,completed
1149,2447.0,2627.0,180.0,0.0,0.0,11.251,,,0.0,True,completed
1169,2488.0,2627.0,139.0,0.0,0.0,10.043,,,0.0,True,completed
1160,2475.0,2628.0,153.0,0.0,6.0,18.879,,,0.0392,True,completed
1194,2535.0,2628.0,93.0,0.0,0.0,6.466,,,0.0,True,completed
1196,2540.0,2631.0,91.0,0.0,0.0,7.725,,,0.0,True,completed
1166,2480.0,2633.0,153.0,0.0,0.0,9.868,,,0.0,True,completed
1183,2516.0,2634.0,118.0,0.0,0.0,7.655,,,0.0,True,completed
1202,2549.0,2636.0,87.0,0.0,0.0,6.96,,,0.0,True,completed
1168,2489.0,2639.0,150.0,0.0,0.0,43.932,,,0.0,True,completed
1198,2545.0,2641.0,96.0,0.0,0.0,6.235,,,0.0,True,completed
1187,2519.0,2642.0,123.0,0.0,0.0,8.708,,,0.0,True,completed
1136,2404.0,2643.0,239.0,0.0,0.0,17.435,,,0.0,True,completed
1145,2438.0,2643.0,205.0,0.0,0.0,11.521,,,0.0,True,completed
1199,2546.0,2645.0,99.0,0.0,0.0,9.119,,,0.0,True,completed
1164,2480.0,2646.0,166.0,0.0,0.0,14.63,,,0.0,True,completed
1167,2487.0,2646.0,159.0,0.0,0.0,10.244,,,0.0,True,completed
1178,2507.0,2647.0,140.0,0.0,0.0,7.929,,,0.0,True,completed
1212,2564.0,2647.0,83.0,0.0,0.0,6.022,,,0.0,True,completed
1213,2564.0,2647.0,83.0,0.0,0.0,4.744,,,0.0,True,completed
1133,2390.0,2648.0,258.0,0.0,26.0,52.803,,,0.1008,True,completed
1161,2476.0,2648.0,172.0,0.0,0.0,8.526,,,0.0,True,completed
1135,2401.0,2650.0,249.0,0.0,0.0,17.469,,,0.0,True,completed
1173,2498.0,2650.0,152.0,0.0,0.0,10.667,,,0.0,True,completed
1203,2550.0,2650.0,100.0,10.0,10.0,21.412,,,0.1,True,completed
1193,2533.0,2655.0,122.0,0.0,0.0,7.972,,,0.0,True,completed
1206,2554.0,2655.0,101.0,0.0,0.0,4.809,,,0.0,True,completed
1188,2520.0,2661.0,141.0,0.0,0.0,8.815,,,0.0,True,completed
1170,2492.0,2663.0,171.0,0.0,3.0,17.958,,,0.0175,True,completed
1147,2445.0,2665.0,220.0,2.0,2.0,19.705,,,0.0091,True,completed
1210,2561.0,2665.0,104.0,0.0,0.0,5.219,,,0.0,True,completed
1174,2501.0,2666.0,165.0,0.0,13.0,28.392,,,0.0788,True,completed
1162,2478.0,2668.0,190.0,0.0,8.0,25.535,,,0.0421,True,completed
1165,2480.0,2674.0,194.0,0.0,14.0,28.654,,,0.0722,True,completed
1180,2509.0,2674.0,165.0,0.0,0.0,8.792,,,0.0,True,completed
1184,2516.0,2675.0,159.0,0.0,0.0,11.113,,,0.0,True,completed
1211,2563.0,2677.0,114.0,0.0,0.0,7.053,,,0.0,True,completed
1172,2496.0,2688.0,192.0,0.0,0.0,13.147,,,0.0,True,completed
1182,2514.0,2690.0,176.0,0.0,0.0,12.851,,,0.0,True,completed
1217,2589.0,2692.0,103.0,1.0,1.0,15.456,,,0.0097,True,completed
1224,2612.0,2692.0,80.0,0.0,0.0,4.031,,,0.0,True,completed
1177,2506.0,2696.0,190.0,0.0,0.0,12.361,,,0.0,True,completed
1176,2505.0,2697.0,192.0,0.0,0.0,13.711,,,0.0,True,completed
1189,2524.0,2700.0,176.0,0.0,0.0,12.62,,,0.0,True,completed
1186,2517.0,2701.0,184.0,0.0,19.0,32.797,,,0.1033,True,completed
1181,2510.0,2706.0,196.0,0.0,0.0,12.987,,,0.0,True,completed
1156,2467.0,2707.0,240.0,0.0,0.0,18.687,,,0.0,True,completed
1239,2634.0,2708.0,74.0,2.0,2.0,9.036,,,0.027,True,completed
1159,2471.0,2716.0,245.0,0.0,0.0,16.428,,,0.0,True,completed
1242,2643.0,2717.0,74.0,0.0,0.0,5.632,,,0.0,True,completed
1209,2561.0,2719.0,158.0,0.0,1.0,12.58,,,0.0063,True,completed
1200,2547.0,2721.0,174.0,0.0,0.0,9.158,,,0.0,True,completed
1190,2525.0,2722.0,197.0,0.0,0.0,14.471,,,0.0,True,completed
1247,2655.0,2722.0,67.0,6.0,6.0,14.524,,,0.0896,True,completed
1204,2550.0,2725.0,175.0,0.0,0.0,12.249,,,0.0,True,completed
1218,2594.0,2732.0,138.0,0.0,0.0,9.104,,,0.0,True,completed
1208,2559.0,2733.0,174.0,0.0,0.0,20.902,,,0.0,True,completed
1220,2605.0,2734.0,129.0,0.0,0.0,9.738,,,0.0,True,completed
1225,2612.0,2734.0,122.0,0.0,0.0,8.493,,,0.0,True,completed
1231,2619.0,2735.0,116.0,0.0,0.0,7.486,,,0.0,True,completed
1214,2571.0,2736.0,165.0,0.0,0.0,11.268,,,0.0,True,completed
1219,2595.0,2737.0,142.0,0.0,0.0,8.273,,,0.0,True,completed
1207,2557.0,2742.0,185.0,3.0,3.0,19.452,,,0.0162,True,completed
1179,2509.0,2748.0,239.0,0.0,0.0,17.436,,,0.0,True,completed
1222,2607.0,2748.0,141.0,0.0,0.0,8.792,,,0.0,True,completed
1254,2673.0,2749.0,76.0,0.0,0.0,4.298,,,0.0,True,completed
1201,2548.0,2750.0,202.0,0.0,0.0,13.122,,,0.0,True,completed
1245,2649.0,2753.0,104.0,0.0,0.0,5.268,,,0.0,True,completed
1192,2532.0,2754.0,222.0,0.0,0.0,13.901,,,0.0,True,completed
1223,2611.0,2763.0,152.0,0.0,0.0,11.083,,,0.0,True,completed
1233,2625.0,2763.0,138.0,0.0,1.0,12.954,,,0.0072,True,completed
1251,2667.0,2765.0,98.0,0.0,0.0,7.36,,,0.0,True,completed
1248,2656.0,2766.0,110.0,0.0,0.0,7.535,,,0.0,True,completed
1240,2641.0,2767.0,126.0,0.0,0.0,6.653,,,0.0,True,completed
1256,2677.0,2767.0,90.0,0.0,0.0,5.602,,,0.0,True,completed
1228,2616.0,2771.0,155.0,0.0,0.0,10.751,,,0.0,True,completed
1234,2627.0,2774.0,147.0,0.0,0.0,8.136,,,0.0,True,completed
1250,2663.0,2782.0,119.0,0.0,0.0,10.11,,,0.0,True,completed
1226,2613.0,2785.0,172.0,0.0,0.0,11.422,,,0.0,True,completed
1215,2578.0,2786.0,208.0,0.0,7.0,27.208,,,0.0337,True,completed
1195,2537.0,2788.0,251.0,0.0,0.0,16.852,,,0.0,True,completed
1238,2632.0,2788.0,156.0,0.0,0.0,16.519,,,0.0,True,completed
1197,2543.0,2791.0,248.0,0.0,8.0,31.225,,,0.0323,True,completed
1221,2606.0,2792.0,186.0,5.0,5.0,19.424,,,0.0269,True,completed
1227,2614.0,2792.0,178.0,0.0,0.0,12.521,,,0.0,True,completed
1266,2711.0,2794.0,83.0,7.0,7.0,20.713,,,0.0843,True,completed
1278,2745.0,2798.0,53.0,0.0,0.0,3.866,,,0.0,True,completed
1243,2645.0,2801.0,156.0,0.0,0.0,9.825,,,0.0,True,completed
1276,2740.0,2801.0,61.0,0.0,0.0,4.064,,,0.0,True,completed
1205,2551.0,2802.0,251.0,0.0,2.0,23.933,,,0.008,True,completed
1255,2677.0,2803.0,126.0,0.0,0.0,8.153,,,0.0,True,completed
1236,2629.0,2804.0,175.0,0.0,0.0,10.253,,,0.0,True,completed
1216,2581.0,2807.0,226.0,7.0,23.0,44.742,,,0.1018,True,completed
1246,2649.0,2807.0,158.0,0.0,0.0,9.422,,,0.0,True,completed
1249,2661.0,2807.0,146.0,0.0,0.0,10.473,,,0.0,True,completed
1252,2669.0,2812.0,143.0,0.0,0.0,8.694,,,0.0,True,completed
1257,2681.0,2812.0,131.0,0.0,0.0,8.332,,,0.0,True,completed
1244,2647.0,2816.0,169.0,0.0,0.0,11.862,,,0.0,True,completed
1235,2628.0,2817.0,189.0,0.0,0.0,13.083,,,0.0,True,completed
1261,2695.0,2819.0,124.0,0.0,0.0,9.408,,,0.0,True,completed
1241,2643.0,2822.0,179.0,16.0,16.0,31.595,,,0.0894,True,completed
1271,2722.0,2822.0,100.0,0.0,0.0,5.72,,,0.0,True,completed
1229,2617.0,2824.0,207.0,14.0,14.0,28.451,,,0.0676,True,completed
1258,2685.0,2833.0,148.0,0.0,0.0,12.158,,,0.0,True,completed
1230,2618.0,2837.0,219.0,0.0,0.0,16.907,,,0.0,True,completed
1262,2696.0,2841.0,145.0,0.0,0.0,9.77,,,0.0,True,completed
1232,2620.0,2847.0,227.0,0.0,0.0,14.127,,,0.0,True,completed
1259,2687.0,2850.0,163.0,0.0,0.0,10.108,,,0.0,True,completed
1268,2717.0,2851.0,134.0,0.0,0.0,7.737,,,0.0,True,completed
1279,2746.0,2853.0,107.0,0.0,0.0,5.99,,,0.0,True,completed
1260,2691.0,2873.0,182.0,0.0,22.0,41.256,,,0.1209,True,completed
1289,2768.0,2877.0,109.0,9.0,9.0,19.949,,,0.0826,True,completed
1283,2757.0,2880.0,123.0,0.0,0.0,7.415,,,0.0,True,completed
1263,2697.0,2882.0,185.0,0.0,3.0,18.775,,,0.0162,True,completed
1270,2719.0,2882.0,163.0,0.0,0.0,12.068,,,0.0,True,completed
1265,2707.0,2891.0,184.0,0.0,0.0,11.401,,,0.0,True,completed
1267,2715.0,2893.0,178.0,1.0,1.0,15.875,,,0.0056,True,completed
1299,2809.0,2894.0,85.0,0.0,0.0,5.253,,,0.0,True,completed
1272,2729.0,2896.0,167.0,0.0,0.0,9.854,,,0.0,True,completed
1277,2742.0,2896.0,154.0,0.0,0.0,12.889,,,0.0,True,completed
1285,2760.0,2903.0,143.0,0.0,0.0,8.95,,,0.0,True,completed
1288,2768.0,2903.0,135.0,0.0,0.0,8.19,,,0.0,True,completed
1302,2821.0,2905.0,84.0,0.0,0.0,4.729,,,0.0,True,completed
1237,2629.0,2911.0,282.0,0.0,0.0,20.566,,,0.0,True,completed
1290,2770.0,2912.0,142.0,0.0,0.0,7.881,,,0.0,True,completed
1287,2765.0,2913.0,148.0,0.0,0.0,16.802,,,0.0,True,completed
1308,2838.0,2914.0,76.0,0.0,0.0,4.613,,,0.0,True,completed
1269,2718.0,2916.0,198.0,0.0,0.0,13.554,,,0.0,True,completed
1282,2750.0,2924.0,174.0,0.0,0.0,16.318,,,0.0,True,completed
1309,2839.0,2924.0,85.0,0.0,0.0,7.13,,,0.0,True,completed
1294,2778.0,2930.0,152.0,0.0,0.0,10.317,,,0.0,True,completed
1292,2774.0,2932.0,158.0,0.0,0.0,11.279,,,0.0,True,completed
1316,2855.0,2932.0,77.0,0.0,0.0,7.821,,,0.0,True,completed
1293,2776.0,2934.0,158.0,7.0,7.0,19.819,,,0.0443,True,completed
1307,2835.0,2934.0,99.0,3.0,3.0,10.605,,,0.0303,True,completed
1280,2746.0,2936.0,190.0,0.0,0.0,14.636,,,0.0,True,completed
1286,2764.0,2936.0,172.0,2.0,2.0,30.123,,,0.0116,True,completed
1296,2801.0,2941.0,140.0,0.0,0.0,8.271,,,0.0,True,completed
1298,2805.0,2941.0,136.0,0.0,0.0,7.564,,,0.0,True,completed
1253,2673.0,2946.0,273.0,0.0,3.0,35.994,,,0.011,True,completed
1297,2802.0,2949.0,147.0,0.0,5.0,18.48,,,0.034,True,completed
1325,2889.0,2950.0,61.0,0.0,0.0,4.249,,,0.0,True,completed
1314,2854.0,2952.0,98.0,6.0,6.0,17.664,,,0.0612,True,completed
1295,2786.0,2956.0,170.0,0.0,0.0,11.837,,,0.0,True,completed
1324,2883.0,2959.0,76.0,0.0,0.0,3.712,,,0.0,True,completed
1303,2824.0,2960.0,136.0,0.0,0.0,9.446,,,0.0,True,completed
1320,2863.0,2961.0,98.0,2.0,2.0,11.485,,,0.0204,True,completed
1264,2706.0,2964.0,258.0,13.0,13.0,32.297,,,0.0504,True,completed
1291,2773.0,2969.0,196.0,0.0,0.0,15.303,,,0.0,True,completed
1281,2749.0,2973.0,224.0,0.0,0.0,17.11,,,0.0,True,completed
1273,2730.0,2977.0,247.0,0.0,1.0,18.468,,,0.004,True,completed
1311,2848.0,2977.0,129.0,0.0,0.0,6.237,,,0.0,True,completed
1310,2840.0,2983.0,143.0,0.0,0.0,8.344,,,0.0,True,completed
1317,2859.0,2985.0,126.0,0.0,0.0,9.622,,,0.0,True,completed
1306,2834.0,2989.0,155.0,0.0,0.0,8.007,,,0.0,True,completed
1321,2866.0,3000.0,134.0,0.0,0.0,7.505,,,0.0,True,completed
1343,2949.0,3000.0,51.0,0.0,0.0,3.48,,,0.0,True,completed
1274,2731.0,3008.0,277.0,11.0,11.0,36.261,,,0.0397,True,completed
1315,2855.0,3011.0,156.0,0.0,0.0,8.802,,,0.0,True,completed
1336,2928.0,3012.0,84.0,0.0,0.0,6.053,,,0.0,True,completed
1332,2924.0,3018.0,94.0,0.0,0.0,6.423,,,0.0,True,completed
1338,2934.0,3020.0,86.0,0.0,0.0,5.396,,,0.0,True,completed
1305,2826.0,3021.0,195.0,7.0,12.0,34.85,,,0.0615,True,completed
1313,2852.0,3024.0,172.0,0.0,0.0,10.266,,,0.0,True,completed
1275,2740.0,3025.0,285.0,0.0,0.0,20.219,,,0.0,True,completed
1284,2758.0,3026.0,268.0,5.0,28.0,56.432,,,0.1045,True,completed
1300,2815.0,3031.0,216.0,0.0,0.0,16.648,,,0.0,True,completed
1328,2904.0,3034.0,130.0,0.0,0.0,14.204,,,0.0,True,completed
1301,2817.0,3044.0,227.0,0.0,0.0,17.331,,,0.0,True,completed
1348,2970.0,3051.0,81.0,0.0,0.0,4.791,,,0.0,True,completed
1304,2824.0,3053.0,229.0,0.0,0.0,14.758,,,0.0,True,completed
1319,2862.0,3054.0,192.0,0.0,0.0,14.73,,,0.0,True,completed
1322,2870.0,3059.0,189.0,0.0,0.0,11.872,,,0.0,True,completed
1331,2920.0,3060.0,140.0,0.0,0.0,8.661,,,0.0,True,completed
1345,2953.0,3060.0,107.0,0.0,0.0,12.327,,,0.0,True,completed
1323,2882.0,3061.0,179.0,0.0,0.0,12.407,,,0.0,True,completed
1341,2943.0,3063.0,120.0,0.0,0.0,8.814,,,0.0,True,completed
1329,2915.0,3071.0,156.0,16.0,16.0,27.812,,,0.1026,True,completed
1342,2945.0,3072.0,127.0,0.0,0.0,6.318,,,0.0,True,completed
1312,2848.0,3084.0,236.0,0.0,0.0,18.874,,,0.0,True,completed
1344,2952.0,3089.0,137.0,0.0,0.0,8.002,,,0.0,True,completed
1335,2927.0,3092.0,165.0,0.0,0.0,10.172,,,0.0,True,completed
1318,2861.0,3095.0,234.0,0.0,0.0,23.692,,,0.0,True,completed
1326,2898.0,3097.0,199.0,0.0,0.0,11.815,,,0.0,True,completed
1327,2902.0,3097.0,195.0,0.0,0.0,16.794,,,0.0,True,completed
1330,2919.0,3101.0,182.0,0.0,0.0,10.404,,,0.0,True,completed
1339,2934.0,3103.0,169.0,0.0,0.0,10.379,,,0.0,True,completed
1347,2970.0,3114.0,144.0,0.0,0.0,7.067,,,0.0,True,completed
1334,2926.0,3118.0,192.0,0.0,0.0,17.506,,,0.0,True,completed
1340,2941.0,3119.0,178.0,0.0,0.0,12.448,,,0.0,True,completed
1349,2972.0,3121.0,149.0,0.0,0.0,10.443,,,0.0,True,completed
1352,2988.0,3127.0,139.0,0.0,0.0,7.953,,,0.0,True,completed
1333,2925.0,3128.0,203.0,0.0,0.0,12.764,,,0.0,True,completed
1364,3039.0,3133.0,94.0,0.0,0.0,6.384,,,0.0,True,completed
1350,2986.0,3141.0,155.0,0.0,0.0,9.346,,,0.0,True,completed
1361,3023.0,3143.0,120.0,0.0,0.0,8.409,,,0.0,True,completed
1370,3078.0,3153.0,75.0,0.0,0.0,4.328,,,0.0,True,completed
1360,3018.0,3155.0,137.0,5.0,5.0,16.833,,,0.0365,True,completed
1346,2962.0,3156.0,194.0,0.0,0.0,12.189,,,0.0,True,completed
1368,3075.0,3158.0,83.0,0.0,0.0,6.747,,,0.0,True,completed
1351,2988.0,3161.0,173.0,0.0,0.0,12.002,,,0.0,True,completed
1355,2999.0,3161.0,162.0,0.0,0.0,12.931,,,0.0,True,completed
1356,2999.0,3161.0,162.0,0.0,0.0,11.256,,,0.0,True,completed
1358,3004.0,3161.0,157.0,0.0,0.0,18.073,,,0.0,True,completed
1337,2932.0,3166.0,234.0,0.0,6.0,25.08,,,0.0256,True,completed
1359,3014.0,3168.0,154.0,0.0,0.0,13.329,,,0.0,True,completed
1363,3037.0,3174.0,137.0,0.0,0.0,7.993,,,0.0,True,completed
1357,3003.0,3184.0,181.0,0.0,0.0,12.551,,,0.0,True,completed
1353,2990.0,3191.0,201.0,0.0,0.0,14.191,,,0.0,True,completed
1354,2995.0,3200.0,205.0,0.0,0.0,16.323,,,0.0,True,completed
1375,3109.0,3202.0,93.0,0.0,0.0,5.376,,,0.0,True,completed
1362,3037.0,3207.0,170.0,0.0,0.0,17.996,,,0.0,True,completed
1367,3069.0,3218.0,149.0,5.0,5.0,17.154,,,0.0336,True,completed
1366,3052.0,3219.0,167.0,0.0,0.0,10.226,,,0.0,True,completed
1369,3077.0,3223.0,146.0,0.0,0.0,10.417,,,0.0,True,completed
1374,3099.0,3231.0,132.0,0.0,0.0,7.904,,,0.0,True,completed
1385,3144.0,3232.0,88.0,0.0,0.0,5.158,,,0.0,True,completed
1365,3045.0,3235.0,190.0,0.0,0.0,12.605,,,0.0,True,completed
1372,3091.0,3242.0,151.0,0.0,0.0,7.217,,,0.0,True,completed
1380,3118.0,3251.0,133.0,0.0,0.0,8.993,,,0.0,True,completed
1400,3199.0,3252.0,53.0,0.0,0.0,4.095,,,0.0,True,completed
1387,3150.0,3254.0,104.0,0.0,0.0,5.65,,,0.0,True,completed
1373,3096.0,3259.0,163.0,0.0,0.0,13.009,,,0.0,True,completed
1371,3080.0,3267.0,187.0,0.0,1.0,16.755,,,0.0053,True,completed
1384,3131.0,3269.0,138.0,0.0,0.0,7.945,,,0.0,True,completed
1396,3191.0,3273.0,82.0,0.0,0.0,6.656,,,0.0,True,completed
1383,3127.0,3276.0,149.0,0.0,0.0,8.89,,,0.0,True,completed
1393,3175.0,3278.0,103.0,0.0,0.0,5.818,,,0.0,True,completed
1378,3114.0,3279.0,165.0,0.0,0.0,12.102,,,0.0,True,completed
1394,3178.0,3280.0,102.0,0.0,0.0,8.866,,,0.0,True,completed
1389,3158.0,3286.0,128.0,0.0,0.0,9.127,,,0.0,True,completed
1399,3197.0,3301.0,104.0,0.0,0.0,5.054,,,0.0,True,completed
1402,3208.0,3309.0,101.0,0.0,0.0,8.319,,,0.0,True,completed
1390,3168.0,3310.0,142.0,0.0,6.0,16.662,,,0.0423,True,completed
1403,3211.0,3311.0,100.0,0.0,0.0,6.016,,,0.0,True,completed
1381,3118.0,3312.0,194.0,0.0,0.0,12.089,,,0.0,True,completed
1376,3110.0,3322.0,212.0,0.0,0.0,12.222,,,0.0,True,completed
1377,3113.0,3328.0,215.0,0.0,0.0,13.137,,,0.0,True,completed
1408,3246.0,3332.0,86.0,0.0,0.0,5.014,,,0.0,True,completed
1411,3251.0,3333.0,82.0,0.0,0.0,4.353,,,0.0,True,completed
1388,3154.0,3337.0,183.0,0.0,0.0,10.903,,,0.0,True,completed
1404,3217.0,3337.0,120.0,0.0,0.0,7.383,,,0.0,True,completed
1398,3195.0,3338.0,143.0,0.0,0.0,9.039,,,0.0,True,completed
1379,3116.0,3341.0,225.0,0.0,0.0,13.053,,,0.0,True,completed
1407,3241.0,3354.0,113.0,14.0,14.0,25.572,,,0.1239,True,completed
1409,3247.0,3357.0,110.0,0.0,0.0,7.786,,,0.0,True,completed
1391,3171.0,3360.0,189.0,0.0,0.0,10.212,,,0.0,True,completed
1397,3194.0,3367.0,173.0,0.0,0.0,10.371,,,0.0,True,completed
1382,3120.0,3370.0,250.0,0.0,0.0,17.201,,,0.0,True,completed
1422,3316.0,3370.0,54.0,0.0,0.0,3.216,,,0.0,True,completed
1386,3145.0,3375.0,230.0,0.0,0.0,12.913,,,0.0,True,completed
1412,3260.0,3386.0,126.0,0.0,0.0,8.893,,,0.0,True,completed
1392,3171.0,3387.0,216.0,0.0,0.0,15.84,,,0.0,True,completed
1395,3186.0,3391.0,205.0,0.0,0.0,15.346,,,0.0,True,completed
1417,3286.0,3396.0,110.0,0.0,0.0,6.195,,,0.0,True,completed
1416,3286.0,3406.0,120.0,0.0,0.0,8.27,,,0.0,True,completed
1425,3319.0,3411.0,92.0,0.0,0.0,7.87,,,0.0,True,completed
1410,3247.0,3414.0,167.0,0.0,0.0,9.459,,,0.0,True,completed
1406,3238.0,3434.0,196.0,0.0,0.0,11.813,,,0.0,True,completed
1413,3266.0,3434.0,168.0,0.0,0.0,10.523,,,0.0,True,completed
1428,3327.0,3438.0,111.0,0.0,0.0,6.612,,,0.0,True,completed
1419,3304.0,3440.0,136.0,2.0,2.0,13.788,,,0.0147,True,completed
1415,3280.0,3446.0,166.0,0.0,0.0,13.863,,,0.0,True,completed
1414,3279.0,3447.0,168.0,0.0,0.0,11.6,,,0.0,True,completed
1418,3299.0,3454.0,155.0,0.0,0.0,9.636,,,0.0,True,completed
1436,3366.0,3454.0,88.0,0.0,0.0,6.053,,,0.0,True,completed
1427,3325.0,3455.0,130.0,0.0,0.0,10.21,,,0.0,True,completed
1424,3317.0,3470.0,153.0,0.0,0.0,10.297,,,0.0,True,completed
1423,3316.0,3482.0,166.0,1.0,1.0,16.907,,,0.006,True,completed
1426,3325.0,3483.0,158.0,0.0,0.0,8.921,,,0.0,True,completed
1432,3346.0,3486.0,140.0,10.0,10.0,21.629,,,0.0714,True,completed
1421,3311.0,3491.0,180.0,0.0,0.0,11.581,,,0.0,True,completed
1401,3204.0,3493.0,289.0,0.0,0.0,24.67,,,0.0,True,completed
1405,3232.0,3500.0,268.0,0.0,0.0,18.891,,,0.0,True,completed
1430,3332.0,3500.0,168.0,0.0,0.0,9.158,,,0.0,True,completed
1431,3335.0,3505.0,170.0,0.0,0.0,10.194,,,0.0,True,completed
1420,3308.0,3517.0,209.0,0.0,1.0,17.516,,,0.0048,True,completed
1445,3414.0,3522.0,108.0,0.0,0.0,6.025,,,0.0,True,completed
1434,3359.0,3527.0,168.0,0.0,0.0,9.267,,,0.0,True,completed
1439,3394.0,3527.0,133.0,0.0,0.0,9.081,,,0.0,True,completed
1449,3424.0,3532.0,108.0,0.0,0.0,6.272,,,0.0,True,completed
1448,3423.0,3536.0,113.0,0.0,0.0,6.236,,,0.0,True,completed
1440,3397.0,3543.0,146.0,0.0,0.0,7.123,,,0.0,True,completed
1470,3487.0,3554.0,67.0,2.0,2.0,7.895,,,0.0299,True,completed
1442,3403.0,3555.0,152.0,0.0,0.0,9.439,,,0.0,True,completed
1443,3405.0,3561.0,156.0,0.0,1.0,13.609,,,0.0064,True,completed
1450,3427.0,3561.0,134.0,0.0,0.0,7.254,,,0.0,True,completed
1435,3361.0,3564.0,203.0,0.0,0.0,11.882,,,0.0,True,completed
1466,3481.0,3567.0,86.0,0.0,0.0,14.108,,,0.0,True,completed
1464,3479.0,3569.0,90.0,0.0,0.0,6.703,,,0.0,True,completed
1441,3402.0,3570.0,168.0,0.0,0.0,11.973,,,0.0,True,completed
1437,3382.0,3571.0,189.0,0.0,0.0,13.82,,,0.0,True,completed
1438,3385.0,3572.0,187.0,2.0,2.0,17.812,,,0.0107,True,completed
1468,3483.0,3574.0,91.0,0.0,0.0,6.248,,,0.0,True,completed
1451,3428.0,3575.0,147.0,0.0,0.0,8.387,,,0.0,True,completed
1461,3471.0,3578.0,107.0,0.0,0.0,6.044,,,0.0,True,completed
1444,3407.0,3589.0,182.0,0.0,0.0,10.241,,,0.0,True,completed
1429,3331.0,3591.0,260.0,0.0,0.0,21.794,,,0.0,True,completed
1455,3443.0,3592.0,149.0,0.0,0.0,7.889,,,0.0,True,completed
1453,3429.0,3596.0,167.0,0.0,0.0,9.959,,,0.0,True,completed
1457,3452.0,3599.0,147.0,0.0,0.0,19.572,,,0.0,True,completed
1433,3355.0,3600.0,245.0,0.0,0.0,15.633,,,0.0,True,completed
1446,3416.0,,184.0,0.0,0.0,12.779,,,0.0,False,on_map_at_end
1447,3422.0,,178.0,0.0,0.0,10.782,,,0.0,False,on_map_at_end
1452,3428.0,,172.0,0.0,0.0,9.58,,,0.0,False,on_map_at_end
1454,3431.0,,169.0,0.0,0.0,9.627,,,0.0,False,on_map_at_end
1456,3446.0,,154.0,10.0,10.0,19.454,,,0.0649,False,on_map_at_end
1458,3457.0,,143.0,0.0,0.0,8.743,,,0.0,False,on_map_at_end
1459,3464.0,,136.0,0.0,0.0,11.548,,,0.0,False,on_map_at_end
1460,3468.0,,132.0,0.0,0.0,8.987,,,0.0,False,on_map_at_end
1462,3472.0,,128.0,0.0,0.0,6.537,,,0.0,False,on_map_at_end
1463,3476.0,,124.0,0.0,0.0,9.467,,,0.0,False,on_map_at_end
1465,3480.0,,120.0,0.0,0.0,9.052,,,0.0,False,on_map_at_end
1467,3483.0,,117.0,0.0,0.0,5.889,,,0.0,False,on_map_at_end
1469,3484.0,,116.0,0.0,0.0,7.394,,,0.0,False,on_map_at_end
1471,3494.0,,106.0,0.0,0.0,6.004,,,0.0,False,on_map_at_end
1472,3495.0,,105.0,0.0,0.0,6.582,,,0.0,False,on_map_at_end
